{
  "name": "Landscape",
  "tags": [
    "cartoon",
    "castle",
    "low-poly",
    "oil-painting",
    "poster"
  ],
  "prompt": "Landscape wallpapers feature a unified set of scenes rendered in a drawing style, dominated by an orange-reddish palette that evokes warmth and calmness, perfect for creating serene outdoor retreats.",
  "palette_weights": {
    "Orange": 0.385023,
    "Red": 0.036126,
    "Black": 0.218523,
    "Yellow": 0.160051,
    "Gray": 0.024338,
    "Green": 0.037576,
    "White": 0.036279,
    "Purple": 0.02178,
    "Blue": 0.07257,
    "Pink-Magenta": 0.007734
  },
  "style": "drawing",
  "palette": "orange-reddish",
  "mood": "calm",
  "samples_analysed": 3,
  "regenerated_at": "2026-06-24T09:11:39",
  "regenerated_with": {
    "vision_model": "llava-phi3:3.8b",
    "text_model": "qwen2.5:3b",
    "tag_policies": true
  },
  "heuristic_pattern": {
    "features": {
      "colorfulness": {
        "mean": 0.247421,
        "std": 0.136016,
        "min": 0.073765,
        "max": 0.508544,
        "samples": 10
      },
      "hsv_S_mean": {
        "mean": 94.813382,
        "std": 45.124085,
        "min": 24.132478,
        "max": 163.590374,
        "samples": 10
      },
      "hsv_S_std": {
        "mean": 43.304108,
        "std": 22.583272,
        "min": 18.191166,
        "max": 81.450452,
        "samples": 10
      },
      "hsv_V_mean": {
        "mean": 128.868394,
        "std": 56.682551,
        "min": 73.17569,
        "max": 241.250747,
        "samples": 10
      },
      "hsv_V_std": {
        "mean": 47.056551,
        "std": 20.682038,
        "min": 17.918801,
        "max": 84.356232,
        "samples": 10
      },
      "lab_warm_bias": {
        "mean": 128.903337,
        "std": 8.099912,
        "min": 120.378418,
        "max": 148.213226,
        "samples": 10
      },
      "lab_chroma_mean": {
        "mean": 183.297433,
        "std": 10.827355,
        "min": 172.650604,
        "max": 209.923935,
        "samples": 10
      },
      "sat_low_fraction": {
        "mean": 0.436251,
        "std": 0.337855,
        "min": 0.055991,
        "max": 0.970157,
        "samples": 10
      },
      "sat_high_fraction": {
        "mean": 0.135271,
        "std": 0.167472,
        "min": 0.0,
        "max": 0.406124,
        "samples": 10
      },
      "sat_variance": {
        "mean": 0.035898,
        "std": 0.034011,
        "min": 0.005089,
        "max": 0.102025,
        "samples": 10
      },
      "sat_bimodal": {
        "mean": 0.2,
        "std": 0.421637,
        "min": 0.0,
        "max": 1.0,
        "samples": 10
      },
      "edge_density": {
        "mean": 0.056665,
        "std": 0.077477,
        "min": 0.000501,
        "max": 0.237418,
        "samples": 10
      },
      "mean_edge_magnitude": {
        "mean": 49.715646,
        "std": 43.248308,
        "min": 7.747786,
        "max": 140.565414,
        "samples": 10
      },
      "texture_entropy": {
        "mean": 3.366449,
        "std": 0.463065,
        "min": 2.627295,
        "max": 3.964369,
        "samples": 10
      },
      "texture_energy": {
        "mean": 15669.253592,
        "std": 14001.496642,
        "min": 4971.909333,
        "max": 50613.269333,
        "samples": 10
      },
      "texture_contrast": {
        "mean": 99.823536,
        "std": 136.635709,
        "min": 4.314557,
        "max": 403.969505,
        "samples": 10
      },
      "silhouette_ratio": {
        "mean": 0.351363,
        "std": 0.221335,
        "min": 0.063917,
        "max": 0.893568,
        "samples": 10
      },
      "hog_energy": {
        "mean": 462.456155,
        "std": 3.827685,
        "min": 451.571655,
        "max": 463.906433,
        "samples": 10
      },
      "high_low_ratio": {
        "mean": 33.449754,
        "std": 4.651381,
        "min": 27.927788,
        "max": 43.219433,
        "samples": 10
      },
      "anime_score": {
        "mean": 0.138874,
        "std": 0.206741,
        "min": 0.0,
        "max": 0.557143,
        "samples": 10
      },
      "cyberpunk_score": {
        "mean": 0.0,
        "std": 0.0,
        "min": 0.0,
        "max": 0.0,
        "samples": 10
      },
      "space_score": {
        "mean": 0.118217,
        "std": 0.228181,
        "min": 0.0,
        "max": 0.739708,
        "samples": 10
      },
      "nature_score": {
        "mean": 0.33563,
        "std": 0.308351,
        "min": 0.0,
        "max": 0.889586,
        "samples": 10
      },
      "neon_score": {
        "mean": 0.0,
        "std": 0.0,
        "min": 0.0,
        "max": 0.0,
        "samples": 10
      },
      "pastel_score": {
        "mean": 0.138445,
        "std": 0.136669,
        "min": 0.0,
        "max": 0.381372,
        "samples": 10
      },
      "vw_score": {
        "mean": 0.0,
        "std": 0.0,
        "min": 0.0,
        "max": 0.0,
        "samples": 10
      },
      "sepia_score": {
        "mean": 0.015746,
        "std": 0.027855,
        "min": 0.0,
        "max": 0.072024,
        "samples": 10
      },
      "vintage_score": {
        "mean": 0.044751,
        "std": 0.08059,
        "min": 0.0,
        "max": 0.256992,
        "samples": 10
      },
      "tenengrad": {
        "mean": 3633.66857,
        "std": 5458.471291,
        "min": 137.662292,
        "max": 18107.494141,
        "samples": 10
      },
      "sharpness": {
        "mean": 649.918379,
        "std": 946.629998,
        "min": 95.610191,
        "max": 3287.621582,
        "samples": 10
      },
      "aesthetic": {
        "mean": 0.568596,
        "std": 0.120841,
        "min": 0.394345,
        "max": 0.749692,
        "samples": 10
      },
      "noise_estimate": {
        "mean": 4.299481,
        "std": 6.828098,
        "min": 0.0,
        "max": 22.238695,
        "samples": 10
      },
      "bris_quality_score": {
        "mean": 0.258378,
        "std": 0.422935,
        "min": 0.0,
        "max": 1.0,
        "samples": 10
      },
      "dct_low_energy": {
        "mean": 0.203914,
        "std": 0.084153,
        "min": 0.059107,
        "max": 0.336638,
        "samples": 10
      },
      "dct_high_energy": {
        "mean": 0.796086,
        "std": 0.084153,
        "min": 0.663362,
        "max": 0.940893,
        "samples": 10
      },
      "centeredness": {
        "mean": 0.678361,
        "std": 0.166365,
        "min": 0.484676,
        "max": 0.960071,
        "samples": 10
      },
      "thirds_score": {
        "mean": 0.042598,
        "std": 0.0134,
        "min": 0.021114,
        "max": 0.06206,
        "samples": 10
      },
      "diagonal_strength": {
        "mean": 0.139522,
        "std": 0.025122,
        "min": 0.088814,
        "max": 0.163537,
        "samples": 10
      },
      "depth_score": {
        "mean": 0.385497,
        "std": 0.429301,
        "min": 0.008619,
        "max": 1.0,
        "samples": 10
      },
      "depth_gradient": {
        "mean": 0.410246,
        "std": 0.224913,
        "min": 0.144297,
        "max": 0.891822,
        "samples": 10
      },
      "saliency_concentration": {
        "mean": 0.25436,
        "std": 0.067615,
        "min": 0.187564,
        "max": 0.352224,
        "samples": 10
      },
      "subject_area_ratio": {
        "mean": 0.299179,
        "std": 0.260055,
        "min": 0.06011,
        "max": 0.986006,
        "samples": 10
      },
      "fg_bg_contrast": {
        "mean": 160.546158,
        "std": 57.743952,
        "min": 72.542015,
        "max": 243.292862,
        "samples": 10
      },
      "periodicity_score": {
        "mean": 0.234656,
        "std": 0.244467,
        "min": 0.0,
        "max": 0.655972,
        "samples": 10
      },
      "tile_similarity": {
        "mean": 0.01589,
        "std": 0.091712,
        "min": -0.091166,
        "max": 0.15672,
        "samples": 10
      },
      "texture_complexity": {
        "mean": 0.365017,