{
  "name": "Nord",
  "tags": [
    "cartoon",
    "cyborg",
    "knight",
    "mech",
    "realistic",
    "sci-fi",
    "warrior"
  ],
  "prompt": "Nord wallpapers feature a harmonious blend of sleek, futuristic elements rendered in vector art, predominantly utilizing a stark black and white palette that amplifies their dramatic, cybernetic aesthetic.",
  "palette_weights": {
    "Blue": 0.722499,
    "Gray": 0.044795,
    "White": 0.123147,
    "Black": 0.061749,
    "Purple": 0.013567,
    "Red": 0.031278,
    "Pink-Magenta": 0.002965
  },
  "heuristic_pattern": {
    "features": {
      "colorfulness": {
        "mean": 0.335064,
        "std": 0.237425,
        "min": 0.035084,
        "max": 0.702068,
        "samples": 10
      },
      "hsv_S_mean": {
        "mean": 137.138867,
        "std": 81.853048,
        "min": 9.67535,
        "max": 227.779347,
        "samples": 10
      },
      "hsv_S_std": {
        "mean": 41.579689,
        "std": 22.815469,
        "min": 9.165126,
        "max": 74.030909,
        "samples": 10
      },
      "hsv_V_mean": {
        "mean": 118.43422,
        "std": 47.832281,
        "min": 43.914273,
        "max": 201.389125,
        "samples": 10
      },
      "hsv_V_std": {
        "mean": 54.293337,
        "std": 19.931747,
        "min": 25.685093,
        "max": 88.085297,
        "samples": 10
      },
      "lab_warm_bias": {
        "mean": 123.058681,
        "std": 8.130282,
        "min": 112.096375,
        "max": 137.463303,
        "samples": 10
      },
      "lab_chroma_mean": {
        "mean": 175.88297,
        "std": 10.266401,
        "min": 160.086655,
        "max": 194.455139,
        "samples": 10
      },
      "sat_low_fraction": {
        "mean": 0.36778,
        "std": 0.422925,
        "min": 0.001768,
        "max": 0.99741,
        "samples": 10
      },
      "sat_high_fraction": {
        "mean": 0.413718,
        "std": 0.412416,
        "min": 0.0,
        "max": 0.99134,
        "samples": 10
      },
      "sat_variance": {
        "mean": 0.033793,
        "std": 0.027621,
        "min": 0.001292,
        "max": 0.084284,
        "samples": 10
      },
      "sat_bimodal": {
        "mean": 0.0,
        "std": 0.0,
        "min": 0.0,
        "max": 0.0,
        "samples": 10
      },
      "edge_density": {
        "mean": 0.05347,
        "std": 0.056783,
        "min": 0.008695,
        "max": 0.15723,
        "samples": 10
      },
      "mean_edge_magnitude": {
        "mean": 81.868915,
        "std": 44.588021,
        "min": 18.427921,
        "max": 139.806961,
        "samples": 10
      },
      "texture_entropy": {
        "mean": 2.662693,
        "std": 1.368556,
        "min": 0.474107,
        "max": 3.926365,
        "samples": 10
      },
      "texture_energy": {
        "mean": 11271.991996,
        "std": 11240.419158,
        "min": 2364.346667,
        "max": 41140.491852,
        "samples": 10
      },
      "texture_contrast": {
        "mean": 175.33456,
        "std": 212.957341,
        "min": 13.106303,
        "max": 539.907897,
        "samples": 10
      },
      "silhouette_ratio": {
        "mean": 0.393103,
        "std": 0.274025,
        "min": 0.03912,
        "max": 0.962652,
        "samples": 10
      },
      "hog_energy": {
        "mean": 396.379028,
        "std": 136.370543,
        "min": 80.44416,
        "max": 463.871552,
        "samples": 10
      },
      "high_low_ratio": {
        "mean": 33.461026,
        "std": 5.380015,
        "min": 22.747705,
        "max": 40.705795,
        "samples": 10
      },
      "anime_score": {
        "mean": 0.321615,
        "std": 0.361897,
        "min": 0.0,
        "max": 1.0,
        "samples": 10
      },
      "cyberpunk_score": {
        "mean": 0.15473,
        "std": 0.244401,
        "min": 0.0,
        "max": 0.64056,
        "samples": 10
      },
      "space_score": {
        "mean": 0.217542,
        "std": 0.317125,
        "min": 0.0,
        "max": 1.0,
        "samples": 10
      },
      "nature_score": {
        "mean": 0.194026,
        "std": 0.244624,
        "min": 0.0,
        "max": 0.677168,
        "samples": 10
      },
      "neon_score": {
        "mean": 0.08276,
        "std": 0.15664,
        "min": 0.0,
        "max": 0.474955,
        "samples": 10
      },
      "pastel_score": {
        "mean": 0.08669,
        "std": 0.137564,
        "min": 0.0,
        "max": 0.442857,
        "samples": 10
      },
      "vw_score": {
        "mean": 0.064959,
        "std": 0.13083,
        "min": 0.0,
        "max": 0.401327,
        "samples": 10
      },
      "sepia_score": {
        "mean": 0.037957,
        "std": 0.078055,
        "min": 0.0,
        "max": 0.2338,
        "samples": 10
      },
      "vintage_score": {
        "mean": 0.002155,
        "std": 0.006814,
        "min": 0.0,
        "max": 0.021549,
        "samples": 10
      },
      "tenengrad": {
        "mean": 5069.670026,
        "std": 5532.899703,
        "min": 787.72821,
        "max": 15664.71875,
        "samples": 10
      },
      "sharpness": {
        "mean": 944.054962,
        "std": 871.656544,
        "min": 285.597107,
        "max": 3011.368408,
        "samples": 10
      },
      "aesthetic": {
        "mean": 0.64401,
        "std": 0.171311,
        "min": 0.446203,
        "max": 0.887814,
        "samples": 10
      },
      "noise_estimate": {
        "mean": 1.630838,
        "std": 3.236872,
        "min": 0.0,
        "max": 10.378058,
        "samples": 10
      },
      "bris_quality_score": {
        "mean": 0.253457,
        "std": 0.408291,
        "min": 0.0,
        "max": 0.864507,
        "samples": 10
      },
      "dct_low_energy": {
        "mean": 0.135657,
        "std": 0.046263,
        "min": 0.067156,
        "max": 0.213707,
        "samples": 10
      },
      "dct_high_energy": {
        "mean": 0.864343,
        "std": 0.046264,
        "min": 0.786293,
        "max": 0.932844,
        "samples": 10
      },
      "centeredness": {
        "mean": 0.755227,
        "std": 0.159664,
        "min": 0.448249,
        "max": 0.962265,
        "samples": 10
      },
      "thirds_score": {
        "mean": 0.054497,
        "std": 0.02527,
        "min": 0.018802,
        "max": 0.095965,
        "samples": 10
      },
      "diagonal_strength": {
        "mean": 0.174929,
        "std": 0.055591,
        "min": 0.122217,
        "max": 0.321722,
        "samples": 10
      },
      "depth_score": {
        "mean": 0.484079,
        "std": 0.448199,
        "min": 0.051557,
        "max": 1.0,
        "samples": 10
      },
      "depth_gradient": {
        "mean": 0.308241,
        "std": 0.193203,
        "min": 0.089773,
        "max": 0.731089,
        "samples": 10
      },
      "saliency_concentration": {
        "mean": 0.279431,
        "std": 0.103748,
        "min": 0.206856,
        "max": 0.511406,
        "samples": 10
      },
      "subject_area_ratio": {
        "mean": 0.279928,
        "std": 0.277079,
        "min": 0.005691,
        "max": 0.998554,
        "samples": 10
      },
      "fg_bg_contrast": {
        "mean": 178.941277,
        "std": 47.087168,
        "min": 122.744408,
        "max": 260.867676,
        "samples": 10
      },
      "periodicity_score": {
        "mean": 0.152977,
        "std": 0.164308,
        "min": 0.0,
        "max": 0.383908,
        "samples": 10
      },
      "tile_similarity": {
        "mean": -0.077072,
        "std": 0.088882,
        "min": -0.26578,
        "max": 0.041669,
        "samples": 10
      },
      "texture_complexity": {
        "mean": 0.324445,
        "std": 0.180856,
        "min": 0.067727,
        "max": 0.644381,
        "samples": 10
      },
      "gradient_complexity": {
        "mean": 0.841042,
        "std": 0.223702,
        "min": 0.502376,
        "max": 1.0,
        "samples": 10
      },