{
  "name": "Nord",
  "tags": [
    "cartoon",
    "cyborg",
    "knight",
    "mech",
    "realistic",
    "sci-fi",
    "warrior"
  ],
  "prompt": "Nord wallpapers feature a harmonious blend of sleek, futuristic elements rendered in vector art, predominantly utilizing a stark black and white palette that amplifies their dramatic, cybernetic aesthetic.",
  "palette_weights": {
    "Blue": 0.722499,
    "Gray": 0.044795,
    "White": 0.123147,
    "Black": 0.061749,
    "Purple": 0.013567,
    "Red": 0.031278,
    "Pink-Magenta": 0.002965
  },
  "heuristic_pattern": {
    "features": {
      "colorfulness": {
        "mean": 0.364417,
        "std": 0.272597,
        "min": 0.035084,
        "max": 0.772562,
        "samples": 10
      },
      "hsv_S_mean": {
        "mean": 151.477845,
        "std": 85.077146,
        "min": 9.67535,
        "max": 234.304798,
        "samples": 10
      },
      "hsv_S_std": {
        "mean": 37.746118,
        "std": 22.108767,
        "min": 9.165126,
        "max": 74.030909,
        "samples": 10
      },
      "hsv_V_mean": {
        "mean": 115.774459,
        "std": 45.945148,
        "min": 43.914273,
        "max": 201.389125,
        "samples": 10
      },
      "hsv_V_std": {
        "mean": 59.603347,
        "std": 24.754439,
        "min": 25.685093,
        "max": 101.965547,
        "samples": 10
      },
      "lab_warm_bias": {
        "mean": 121.250776,
        "std": 6.22001,
        "min": 112.096375,
        "max": 129.453278,
        "samples": 10
      },
      "lab_chroma_mean": {
        "mean": 173.57491,
        "std": 7.533114,
        "min": 161.910568,
        "max": 183.213181,
        "samples": 10
      },
      "sat_low_fraction": {
        "mean": 0.312659,
        "std": 0.440684,
        "min": 0.000372,
        "max": 0.99741,
        "samples": 10
      },
      "sat_high_fraction": {
        "mean": 0.475704,
        "std": 0.424428,
        "min": 0.0,
        "max": 0.99134,
        "samples": 10
      },
      "sat_variance": {
        "mean": 0.028676,
        "std": 0.02748,
        "min": 0.001292,
        "max": 0.084284,
        "samples": 10
      },
      "sat_bimodal": {
        "mean": 0.0,
        "std": 0.0,
        "min": 0.0,
        "max": 0.0,
        "samples": 10
      },
      "edge_density": {
        "mean": 0.064152,
        "std": 0.056258,
        "min": 0.008695,
        "max": 0.15723,
        "samples": 10
      },
      "mean_edge_magnitude": {
        "mean": 94.972784,
        "std": 35.547399,
        "min": 18.427921,
        "max": 139.806961,
        "samples": 10
      },
      "texture_entropy": {
        "mean": 2.54097,
        "std": 1.317637,
        "min": 0.474107,
        "max": 3.926365,
        "samples": 10
      },
      "texture_energy": {
        "mean": 11029.268491,
        "std": 11110.016028,
        "min": 2364.346667,
        "max": 41140.491852,
        "samples": 10
      },
      "texture_contrast": {
        "mean": 200.454273,
        "std": 200.526758,
        "min": 13.106303,
        "max": 539.907897,
        "samples": 10
      },
      "silhouette_ratio": {
        "mean": 0.373265,
        "std": 0.282949,
        "min": 0.03912,
        "max": 0.962652,
        "samples": 10
      },
      "hog_energy": {
        "mean": 396.352499,
        "std": 136.355993,
        "min": 80.44416,
        "max": 463.871552,
        "samples": 10
      },
      "high_low_ratio": {
        "mean": 34.312678,
        "std": 4.020262,
        "min": 27.532774,
        "max": 40.705795,
        "samples": 10
      },
      "anime_score": {
        "mean": 0.32348,
        "std": 0.337062,
        "min": 0.0,
        "max": 1.0,
        "samples": 10
      },
      "cyberpunk_score": {
        "mean": 0.167976,
        "std": 0.270165,
        "min": 0.0,
        "max": 0.677966,
        "samples": 10
      },
      "space_score": {
        "mean": 0.275436,
        "std": 0.362288,
        "min": 0.0,
        "max": 1.0,
        "samples": 10
      },
      "nature_score": {
        "mean": 0.11194,
        "std": 0.146405,
        "min": 0.0,
        "max": 0.40924,
        "samples": 10
      },
      "neon_score": {
        "mean": 0.09732,
        "std": 0.174886,
        "min": 0.0,
        "max": 0.474955,
        "samples": 10
      },
      "pastel_score": {
        "mean": 0.061063,
        "std": 0.135912,
        "min": 0.0,
        "max": 0.442857,
        "samples": 10
      },
      "vw_score": {
        "mean": 0.045182,
        "std": 0.079025,
        "min": 0.0,
        "max": 0.20356,
        "samples": 10
      },
      "sepia_score": {
        "mean": 0.014577,
        "std": 0.037197,
        "min": 0.0,
        "max": 0.117345,
        "samples": 10
      },
      "vintage_score": {
        "mean": 0.002155,
        "std": 0.006814,
        "min": 0.0,
        "max": 0.021549,
        "samples": 10
      },
      "tenengrad": {
        "mean": 6235.807623,
        "std": 5268.231245,
        "min": 787.72821,
        "max": 15664.71875,
        "samples": 10
      },
      "sharpness": {
        "mean": 1096.887921,
        "std": 842.945296,
        "min": 285.597107,
        "max": 3011.368408,
        "samples": 10
      },
      "aesthetic": {
        "mean": 0.603562,
        "std": 0.160655,
        "min": 0.446203,
        "max": 0.887814,
        "samples": 10
      },
      "noise_estimate": {
        "mean": 2.075612,
        "std": 3.217953,
        "min": 0.0,
        "max": 10.378058,
        "samples": 10
      },
      "bris_quality_score": {
        "mean": 0.300994,
        "std": 0.403143,
        "min": 0.0,
        "max": 0.864507,
        "samples": 10
      },
      "dct_low_energy": {
        "mean": 0.130865,
        "std": 0.042621,
        "min": 0.067156,
        "max": 0.213707,
        "samples": 10
      },
      "dct_high_energy": {
        "mean": 0.869135,
        "std": 0.042621,
        "min": 0.786293,
        "max": 0.932844,
        "samples": 10
      },
      "centeredness": {
        "mean": 0.783548,
        "std": 0.184839,
        "min": 0.448249,
        "max": 0.982641,
        "samples": 10
      },
      "thirds_score": {
        "mean": 0.04825,
        "std": 0.025235,
        "min": 0.018802,
        "max": 0.095965,
        "samples": 10
      },
      "diagonal_strength": {
        "mean": 0.175827,
        "std": 0.055175,
        "min": 0.122217,
        "max": 0.321722,
        "samples": 10
      },
      "depth_score": {
        "mean": 0.613691,
        "std": 0.418798,
        "min": 0.051557,
        "max": 1.0,
        "samples": 10
      },
      "depth_gradient": {
        "mean": 0.288775,
        "std": 0.182682,
        "min": 0.089773,
        "max": 0.731089,
        "samples": 10
      },
      "saliency_concentration": {
        "mean": 0.281842,
        "std": 0.108648,
        "min": 0.147753,
        "max": 0.511406,
        "samples": 10
      },
      "subject_area_ratio": {
        "mean": 0.262406,
        "std": 0.284366,
        "min": 0.005691,
        "max": 0.998554,
        "samples": 10
      },
      "fg_bg_contrast": {
        "mean": 202.444012,
        "std": 48.226233,
        "min": 122.744408,
        "max": 286.544189,
        "samples": 10
      },
      "periodicity_score": {
        "mean": 0.114392,
        "std": 0.148232,
        "min": 0.0,
        "max": 0.306455,
        "samples": 10
      },
      "tile_similarity": {
        "mean": -0.032062,
        "std": 0.0828,
        "min": -0.130184,
        "max": 0.142683,
        "samples": 10
      },
      "texture_complexity": {
        "mean": 0.344863,
        "std": 0.187438,
        "min": 0.067727,
        "max": 0.644381,
        "samples": 10
      },
      "gradient_complexity": {
        "mean": 0.907573,
        "std": 0.195571,
        "min": 0.502376,
        "max": 1.0,
        "samples": 10
      },