{
  "name": "Nord",
  "tags": [
    "cartoon",
    "cyborg",
    "knight",
    "mech",
    "realistic",
    "sci-fi",
    "warrior"
  ],
  "prompt": "Nord wallpapers feature a harmonious blend of sleek, futuristic elements rendered in vector art, predominantly utilizing a stark black and white palette that amplifies their dramatic, cybernetic aesthetic.",
  "palette_weights": {
    "Blue": 0.722499,
    "Gray": 0.044795,
    "White": 0.123147,
    "Black": 0.061749,
    "Purple": 0.013567,
    "Red": 0.031278,
    "Pink-Magenta": 0.002965
  },
  "heuristic_pattern": {
    "features": {
      "colorfulness": {
        "mean": 0.313289,
        "std": 0.174787,
        "min": 0.035084,
        "max": 0.574821,
        "samples": 10
      },
      "hsv_S_mean": {
        "mean": 123.768527,
        "std": 62.673136,
        "min": 9.67535,
        "max": 185.195167,
        "samples": 10
      },
      "hsv_S_std": {
        "mean": 57.464236,
        "std": 27.404089,
        "min": 9.178397,
        "max": 87.778071,
        "samples": 10
      },
      "hsv_V_mean": {
        "mean": 123.862036,
        "std": 49.871529,
        "min": 41.714123,
        "max": 201.389125,
        "samples": 10
      },
      "hsv_V_std": {
        "mean": 52.524003,
        "std": 12.683189,
        "min": 31.387251,
        "max": 68.493591,
        "samples": 10
      },
      "lab_warm_bias": {
        "mean": 126.591425,
        "std": 6.140633,
        "min": 115.962914,
        "max": 136.100128,
        "samples": 10
      },
      "lab_chroma_mean": {
        "mean": 179.922459,
        "std": 7.981114,
        "min": 164.34166,
        "max": 192.815796,
        "samples": 10
      },
      "sat_low_fraction": {
        "mean": 0.36947,
        "std": 0.341175,
        "min": 0.013239,
        "max": 0.99741,
        "samples": 10
      },
      "sat_high_fraction": {
        "mean": 0.335917,
        "std": 0.287902,
        "min": 0.0,
        "max": 0.680296,
        "samples": 10
      },
      "sat_variance": {
        "mean": 0.061177,
        "std": 0.042973,
        "min": 0.001296,
        "max": 0.118493,
        "samples": 10
      },
      "sat_bimodal": {
        "mean": 0.1,
        "std": 0.316228,
        "min": 0.0,
        "max": 1.0,
        "samples": 10
      },
      "edge_density": {
        "mean": 0.085652,
        "std": 0.073358,
        "min": 0.013692,
        "max": 0.205221,
        "samples": 10
      },
      "mean_edge_magnitude": {
        "mean": 87.027335,
        "std": 42.356617,
        "min": 25.931889,
        "max": 154.95607,
        "samples": 10
      },
      "texture_entropy": {
        "mean": 3.046109,
        "std": 1.096732,
        "min": 0.474107,
        "max": 4.0526,
        "samples": 10
      },
      "texture_energy": {
        "mean": 13407.05212,
        "std": 11423.43041,
        "min": 881.694259,
        "max": 41140.491852,
        "samples": 10
      },
      "texture_contrast": {
        "mean": 239.218427,
        "std": 261.933327,
        "min": 14.150053,
        "max": 769.470453,
        "samples": 10
      },
      "silhouette_ratio": {
        "mean": 0.501384,
        "std": 0.209788,
        "min": 0.301318,
        "max": 0.962652,
        "samples": 10
      },
      "hog_energy": {
        "mean": 424.843098,
        "std": 121.014448,
        "min": 80.44416,
        "max": 463.929108,
        "samples": 10
      },
      "high_low_ratio": {
        "mean": 34.650768,
        "std": 4.536894,
        "min": 27.098925,
        "max": 41.760445,
        "samples": 10
      },
      "anime_score": {
        "mean": 0.27775,
        "std": 0.335728,
        "min": 0.0,
        "max": 0.75858,
        "samples": 10
      },
      "cyberpunk_score": {
        "mean": 0.16243,
        "std": 0.243218,
        "min": 0.0,
        "max": 0.711301,
        "samples": 10
      },
      "space_score": {
        "mean": 0.198652,
        "std": 0.313281,
        "min": 0.0,
        "max": 0.769761,
        "samples": 10
      },
      "nature_score": {
        "mean": 0.207714,
        "std": 0.24132,
        "min": 0.0,
        "max": 0.693929,
        "samples": 10
      },
      "neon_score": {
        "mean": 0.086623,
        "std": 0.128478,
        "min": 0.0,
        "max": 0.362321,
        "samples": 10
      },
      "pastel_score": {
        "mean": 0.124252,
        "std": 0.215819,
        "min": 0.0,
        "max": 0.603628,
        "samples": 10
      },
      "vw_score": {
        "mean": 0.070957,
        "std": 0.149593,
        "min": 0.0,
        "max": 0.35636,
        "samples": 10
      },
      "sepia_score": {
        "mean": 0.013348,
        "std": 0.028679,
        "min": 0.0,
        "max": 0.078478,
        "samples": 10
      },
      "vintage_score": {
        "mean": 0.002155,
        "std": 0.006814,
        "min": 0.0,
        "max": 0.021549,
        "samples": 10
      },
      "tenengrad": {
        "mean": 7109.282965,
        "std": 6906.584378,
        "min": 655.716125,
        "max": 19425.783203,
        "samples": 10
      },
      "sharpness": {
        "mean": 1081.720581,
        "std": 866.468478,
        "min": 284.893616,
        "max": 3011.368408,
        "samples": 10
      },
      "aesthetic": {
        "mean": 0.633762,
        "std": 0.205852,
        "min": 0.337844,
        "max": 0.946508,
        "samples": 10
      },
      "noise_estimate": {
        "mean": 6.226835,
        "std": 7.455606,
        "min": 0.0,
        "max": 20.756117,
        "samples": 10
      },
      "bris_quality_score": {
        "mean": 0.48937,
        "std": 0.456077,
        "min": 0.0,
        "max": 0.988428,
        "samples": 10
      },
      "dct_low_energy": {
        "mean": 0.143094,
        "std": 0.07724,
        "min": 0.058213,
        "max": 0.308644,
        "samples": 10
      },
      "dct_high_energy": {
        "mean": 0.856906,
        "std": 0.07724,
        "min": 0.691356,
        "max": 0.941787,
        "samples": 10
      },
      "centeredness": {
        "mean": 0.745245,
        "std": 0.126926,
        "min": 0.538639,
        "max": 0.942303,
        "samples": 10
      },
      "thirds_score": {
        "mean": 0.046515,
        "std": 0.021258,
        "min": 0.024396,
        "max": 0.095965,
        "samples": 10
      },
      "diagonal_strength": {
        "mean": 0.165114,
        "std": 0.069582,
        "min": 0.07527,
        "max": 0.321722,
        "samples": 10
      },
      "depth_score": {
        "mean": 0.584698,
        "std": 0.41528,
        "min": 0.088591,
        "max": 1.0,
        "samples": 10
      },
      "depth_gradient": {
        "mean": 0.268559,
        "std": 0.168736,
        "min": 0.089773,
        "max": 0.560661,
        "samples": 10
      },
      "saliency_concentration": {
        "mean": 0.222577,
        "std": 0.063244,
        "min": 0.153183,
        "max": 0.378637,
        "samples": 10
      },
      "subject_area_ratio": {
        "mean": 0.367408,
        "std": 0.267529,
        "min": 0.090803,
        "max": 0.998554,
        "samples": 10
      },
      "fg_bg_contrast": {
        "mean": 158.259567,
        "std": 58.740823,
        "min": 82.897705,
        "max": 260.867676,
        "samples": 10
      },
      "periodicity_score": {
        "mean": 0.180497,
        "std": 0.281393,
        "min": 0.0,
        "max": 0.857058,
        "samples": 10
      },
      "tile_similarity": {
        "mean": -0.028111,
        "std": 0.086886,
        "min": -0.144713,
        "max": 0.187896,
        "samples": 10
      },
      "texture_complexity": {
        "mean": 0.386286,
        "std": 0.1808,
        "min": 0.067727,
        "max": 0.644381,
        "samples": 10
      },
      "gradient_complexity": {
        "mean": 0.853901,
        "std": 0.268613,
        "min": 0.212771,
        "max": 1.0,
        "samples": 10
      },