{
  "name": "Nord",
  "tags": [
    "cartoon",
    "cyborg",
    "knight",
    "mech",
    "realistic",
    "sci-fi",
    "warrior"
  ],
  "prompt": "Nord wallpapers feature a harmonious blend of sleek, futuristic elements rendered in vector art, predominantly utilizing a stark black and white palette that amplifies their dramatic, cybernetic aesthetic.",
  "palette_weights": {
    "Blue": 0.722499,
    "Gray": 0.044795,
    "White": 0.123147,
    "Black": 0.061749,
    "Purple": 0.013567,
    "Red": 0.031278,
    "Pink-Magenta": 0.002965
  },
  "heuristic_pattern": {
    "features": {
      "colorfulness": {
        "mean": 0.327437,
        "std": 0.251736,
        "min": 0.035084,
        "max": 1.101165,
        "samples": 15
      },
      "hsv_S_mean": {
        "mean": 126.589561,
        "std": 62.20847,
        "min": 9.67535,
        "max": 223.844261,
        "samples": 15
      },
      "hsv_S_std": {
        "mean": 52.659423,
        "std": 24.72216,
        "min": 9.178397,
        "max": 87.778071,
        "samples": 15
      },
      "hsv_V_mean": {
        "mean": 122.440468,
        "std": 46.744097,
        "min": 41.714123,
        "max": 201.389125,
        "samples": 15
      },
      "hsv_V_std": {
        "mean": 55.621784,
        "std": 18.411532,
        "min": 23.788747,
        "max": 100.635637,
        "samples": 15
      },
      "lab_warm_bias": {
        "mean": 131.907772,
        "std": 16.284067,
        "min": 114.093422,
        "max": 183.083679,
        "samples": 15
      },
      "lab_chroma_mean": {
        "mean": 187.003954,
        "std": 22.878907,
        "min": 162.094635,
        "max": 259.037964,
        "samples": 15
      },
      "sat_low_fraction": {
        "mean": 0.342067,
        "std": 0.323282,
        "min": 0.040578,
        "max": 0.99741,
        "samples": 15
      },
      "sat_high_fraction": {
        "mean": 0.294203,
        "std": 0.32104,
        "min": 0.0,
        "max": 0.877886,
        "samples": 15
      },
      "sat_variance": {
        "mean": 0.051418,
        "std": 0.039896,
        "min": 0.001296,
        "max": 0.118493,
        "samples": 15
      },
      "sat_bimodal": {
        "mean": 0.066667,
        "std": 0.258199,
        "min": 0.0,
        "max": 1.0,
        "samples": 15
      },
      "edge_density": {
        "mean": 1.0,
        "std": 0.0,
        "min": 1.0,
        "max": 1.0,
        "samples": 15
      },
      "texture_entropy": {
        "mean": 2.563195,
        "std": 1.204829,
        "min": 0.474107,
        "max": 3.934998,
        "samples": 15
      },
      "texture_energy": {
        "mean": 12695.306754,
        "std": 10142.106865,
        "min": 881.694259,
        "max": 41140.491852,
        "samples": 15
      },
      "texture_contrast": {
        "mean": 162.898673,
        "std": 339.160199,
        "min": 10.885347,
        "max": 1371.190436,
        "samples": 15
      },
      "silhouette_ratio": {
        "mean": 0.516518,
        "std": 0.181898,
        "min": 0.26325,
        "max": 0.944011,
        "samples": 15
      },
      "hog_energy": {
        "mean": 528.28376,
        "std": 1387.842665,
        "min": 1.752494,
        "max": 5396.084463,
        "samples": 15
      },
      "high_low_ratio": {
        "mean": 36.137747,
        "std": 6.115626,
        "min": 28.66993,
        "max": 52.910103,
        "samples": 15
      },
      "anime_score": {
        "mean": 0.267409,
        "std": 0.393762,
        "min": 0.0,
        "max": 1.0,
        "samples": 15
      },
      "cyberpunk_score": {
        "mean": 0.1183,
        "std": 0.25471,
        "min": 0.0,
        "max": 0.914027,
        "samples": 15
      },
      "space_score": {
        "mean": 0.213335,
        "std": 0.303728,
        "min": 0.0,
        "max": 1.0,
        "samples": 15
      },
      "nature_score": {
        "mean": 0.240948,
        "std": 0.263637,
        "min": 0.0,
        "max": 0.754227,
        "samples": 15
      },
      "neon_score": {
        "mean": 0.092712,
        "std": 0.238488,
        "min": 0.0,
        "max": 0.914027,
        "samples": 15
      },
      "pastel_score": {
        "mean": 0.064891,
        "std": 0.120755,
        "min": 0.0,
        "max": 0.470508,
        "samples": 15
      },
      "vw_score": {
        "mean": 0.023757,
        "std": 0.092012,
        "min": 0.0,
        "max": 0.35636,
        "samples": 15
      },
      "sepia_score": {
        "mean": 0.033692,
        "std": 0.065882,
        "min": 0.0,
        "max": 0.219091,
        "samples": 15
      },
      "vintage_score": {
        "mean": 0.006437,
        "std": 0.019763,
        "min": 0.0,
        "max": 0.075,
        "samples": 15
      },
      "tenengrad": {
        "mean": 0.0,
        "std": 0.0,
        "min": 0.0,
        "max": 0.0,
        "samples": 15
      },
      "sharpness": {
        "mean": 639.358617,
        "std": 407.477342,
        "min": 187.341599,
        "max": 1420.716797,
        "samples": 15
      },
      "aesthetic": {
        "mean": 0.622731,
        "std": 0.163575,
        "min": 0.337844,
        "max": 0.93779,
        "samples": 15
      },
      "noise_estimate": {
        "mean": 0.0,
        "std": 0.0,
        "min": 0.0,
        "max": 0.0,
        "samples": 15
      },
      "bris_quality_score": {
        "mean": 0.402054,
        "std": 0.414495,
        "min": 0.0,
        "max": 1.0,
        "samples": 15
      },
      "dct_low_energy": {
        "mean": 0.0,
        "std": 0.0,
        "min": 0.0,
        "max": 0.0,
        "samples": 15
      },
      "dct_high_energy": {
        "mean": 0.0,
        "std": 0.0,
        "min": 0.0,
        "max": 0.0,
        "samples": 15
      },
      "centeredness": {
        "mean": 0.5,
        "std": 0.0,
        "min": 0.5,
        "max": 0.5,
        "samples": 15
      },
      "thirds_score": {
        "mean": 0.0,
        "std": 0.0,
        "min": 0.0,
        "max": 0.0,
        "samples": 15
      },
      "diagonal_strength": {
        "mean": 0.0,
        "std": 0.0,
        "min": 0.0,
        "max": 0.0,
        "samples": 15
      },
      "depth_score": {
        "mean": 0.5,
        "std": 0.0,
        "min": 0.5,
        "max": 0.5,
        "samples": 15
      },
      "depth_gradient": {
        "mean": 0.0,
        "std": 0.0,
        "min": 0.0,
        "max": 0.0,
        "samples": 15
      },
      "saliency_concentration": {
        "mean": 0.5,
        "std": 0.0,
        "min": 0.5,
        "max": 0.5,
        "samples": 15
      },
      "subject_area_ratio": {
        "mean": 0.5,
        "std": 0.0,
        "min": 0.5,
        "max": 0.5,
        "samples": 15
      },
      "fg_bg_contrast": {
        "mean": 0.0,
        "std": 0.0,
        "min": 0.0,
        "max": 0.0,
        "samples": 15
      },
      "periodicity_score": {
        "mean": 0.0,
        "std": 0.0,
        "min": 0.0,
        "max": 0.0,
        "samples": 15
      },
      "tile_similarity": {
        "mean": 0.0,
        "std": 0.0,
        "min": 0.0,
        "max": 0.0,
        "samples": 15
      },
      "texture_complexity": {
        "mean": 0.5,
        "std": 0.0,
        "min": 0.5,
        "max": 0.5,
        "samples": 15
      },
      "gradient_complexity": {
        "mean": 0.5,
        "std": 0.0,
        "min": 0.5,
        "max": 0.5,
        "samples": 15
      },
      "local_variance": {
        "mean": 0.0,
        "std": 0.0,
        "min": 0.0,
        "max": 0.0,
        "samples": 15
      },
      "h_symmetry": {
        "mean": 0.393728,
        "std": 0.327552,
        "min": 0.057784,
        "max": 0.988132,
        "samples": 15
      },
      "v_symmetry": {
        "mean": 0.179271,
        "std": 0.199632,
        "min": 0.0,
        "max": 0.655247,
        "samples": 15
      },
      "point_symmetry": {
        "mean": 0.067594,
        "std": 0.160371,