{
  "name": "Monochrome",
  "tags": [
    "cartoon",
    "kid",
    "mech",
    "realistic",
    "warrior"
  ],
  "prompt": "Monochrome wallpapers feature a blend of cartoonish rabbit scenes in vector style, cyborg imagery in vector style, and world maps in vector style, all united by a stark black and white palette that exudes dramatic mood.",
  "palette_weights": {
    "Gray": 0.354351,
    "Black": 0.634477,
    "White": 0.011173
  },
  "heuristic_pattern": {
    "features": {
      "colorfulness": {
        "mean": 0.066542,
        "std": 0.076048,
        "min": 0.0,
        "max": 0.229867,
        "samples": 10
      },
      "hsv_S_mean": {
        "mean": 17.384345,
        "std": 21.920469,
        "min": 0.0,
        "max": 71.930925,
        "samples": 10
      },
      "hsv_S_std": {
        "mean": 23.812412,
        "std": 21.578023,
        "min": 0.0,
        "max": 60.509349,
        "samples": 10
      },
      "hsv_V_mean": {
        "mean": 151.51146,
        "std": 71.059554,
        "min": 1.052748,
        "max": 226.185274,
        "samples": 10
      },
      "hsv_V_std": {
        "mean": 74.341007,
        "std": 29.1771,
        "min": 15.218019,
        "max": 116.765734,
        "samples": 10
      },
      "lab_warm_bias": {
        "mean": 128.855609,
        "std": 1.254466,
        "min": 127.890915,
        "max": 131.483643,
        "samples": 10
      },
      "lab_chroma_mean": {
        "mean": 182.281055,
        "std": 1.831253,
        "min": 180.872131,
        "max": 186.113434,
        "samples": 10
      },
      "sat_low_fraction": {
        "mean": 0.935555,
        "std": 0.105596,
        "min": 0.64679,
        "max": 1.0,
        "samples": 10
      },
      "sat_high_fraction": {
        "mean": 0.013532,
        "std": 0.025839,
        "min": 0.0,
        "max": 0.083284,
        "samples": 10
      },
      "sat_variance": {
        "mean": 0.015165,
        "std": 0.018043,
        "min": 0.0,
        "max": 0.056307,
        "samples": 10
      },
      "sat_bimodal": {
        "mean": 0.0,
        "std": 0.0,
        "min": 0.0,
        "max": 0.0,
        "samples": 10
      },
      "edge_density": {
        "mean": 0.067714,
        "std": 0.072395,
        "min": 0.001622,
        "max": 0.218952,
        "samples": 10
      },
      "mean_edge_magnitude": {
        "mean": 189.66478,
        "std": 149.631713,
        "min": 54.031471,
        "max": 534.427002,
        "samples": 10
      },
      "texture_entropy": {
        "mean": 2.357518,
        "std": 1.094841,
        "min": 0.062132,
        "max": 3.864006,
        "samples": 10
      },
      "texture_energy": {
        "mean": 32345.152112,
        "std": 17390.115041,
        "min": 232.696389,
        "max": 54442.315425,
        "samples": 10
      },
      "texture_contrast": {
        "mean": 562.385743,
        "std": 777.180457,
        "min": 24.130979,
        "max": 2055.5758,
        "samples": 10
      },
      "silhouette_ratio": {
        "mean": 0.536346,
        "std": 0.23615,
        "min": 0.004198,
        "max": 0.834772,
        "samples": 10
      },
      "hog_energy": {
        "mean": 356.046605,
        "std": 135.121742,
        "min": 24.819698,
        "max": 463.886871,
        "samples": 10
      },
      "high_low_ratio": {
        "mean": 28.054245,
        "std": 8.224301,
        "min": 16.594339,
        "max": 40.74157,
        "samples": 10
      },
      "anime_score": {
        "mean": 0.011239,
        "std": 0.03554,
        "min": 0.0,
        "max": 0.112387,
        "samples": 10
      },
      "cyberpunk_score": {
        "mean": 0.0,
        "std": 0.0,
        "min": 0.0,
        "max": 0.0,
        "samples": 10
      },
      "space_score": {
        "mean": 0.321721,
        "std": 0.336819,
        "min": 0.0,
        "max": 1.0,
        "samples": 10
      },
      "nature_score": {
        "mean": 0.039399,
        "std": 0.071381,
        "min": 0.0,
        "max": 0.200602,
        "samples": 10
      },
      "neon_score": {
        "mean": 0.0,
        "std": 0.0,
        "min": 0.0,
        "max": 0.0,
        "samples": 10
      },
      "pastel_score": {
        "mean": 0.003783,
        "std": 0.011962,
        "min": 0.0,
        "max": 0.037826,
        "samples": 10
      },
      "vw_score": {
        "mean": 0.0,
        "std": 0.0,
        "min": 0.0,
        "max": 0.0,
        "samples": 10
      },
      "sepia_score": {
        "mean": 0.0,
        "std": 0.0,
        "min": 0.0,
        "max": 0.0,
        "samples": 10
      },
      "vintage_score": {
        "mean": 0.0,
        "std": 0.0,
        "min": 0.0,
        "max": 0.0,
        "samples": 10
      },
      "tenengrad": {
        "mean": 22655.866614,
        "std": 29827.31988,
        "min": 1499.422729,
        "max": 90069.640625,
        "samples": 10
      },
      "sharpness": {
        "mean": 1775.274316,
        "std": 997.897439,
        "min": 291.680237,
        "max": 3604.236572,
        "samples": 10
      },
      "aesthetic": {
        "mean": 0.673188,
        "std": 0.174605,
        "min": 0.341201,
        "max": 0.928307,
        "samples": 10
      },
      "noise_estimate": {
        "mean": 2.965159,
        "std": 5.088031,
        "min": 0.0,
        "max": 14.825797,
        "samples": 10
      },
      "bris_quality_score": {
        "mean": 0.405008,
        "std": 0.440608,
        "min": 0.0,
        "max": 0.962893,
        "samples": 10
      },
      "dct_low_energy": {
        "mean": 0.137127,
        "std": 0.047438,
        "min": 0.051124,
        "max": 0.225276,
        "samples": 10
      },
      "dct_high_energy": {
        "mean": 0.862873,
        "std": 0.047438,
        "min": 0.774724,
        "max": 0.948876,
        "samples": 10
      },
      "centeredness": {
        "mean": 0.915331,
        "std": 0.110267,
        "min": 0.633411,
        "max": 0.9949,
        "samples": 10
      },
      "thirds_score": {
        "mean": 0.042628,
        "std": 0.026296,
        "min": 0.0,
        "max": 0.089175,
        "samples": 10
      },
      "diagonal_strength": {
        "mean": 0.150145,
        "std": 0.021371,
        "min": 0.125545,
        "max": 0.184236,
        "samples": 10
      },
      "depth_score": {
        "mean": 0.632203,
        "std": 0.47525,
        "min": 0.033841,
        "max": 1.0,
        "samples": 10
      },
      "depth_gradient": {
        "mean": 0.207572,
        "std": 0.147709,
        "min": 0.054236,
        "max": 0.523909,
        "samples": 10
      },
      "saliency_concentration": {
        "mean": 0.251378,
        "std": 0.128117,
        "min": 0.121242,
        "max": 0.552118,
        "samples": 10
      },
      "subject_area_ratio": {
        "mean": 0.467302,
        "std": 0.309783,
        "min": 0.001633,
        "max": 0.999054,
        "samples": 10
      },
      "fg_bg_contrast": {
        "mean": 295.894666,
        "std": 77.695975,
        "min": 192.308731,
        "max": 404.010406,
        "samples": 10
      },
      "periodicity_score": {
        "mean": 0.164187,
        "std": 0.178294,
        "min": 0.0,
        "max": 0.433683,
        "samples": 10
      },
      "tile_similarity": {
        "mean": -0.016039,
        "std": 0.107494,
        "min": -0.145251,
        "max": 0.156646,
        "samples": 10
      },
      "texture_complexity": {
        "mean": 0.498972,
        "std": 0.322102,
        "min": 0.039001,
        "max": 1.0,
        "samples": 10
      },
      "gradient_complexity": {
        "mean": 0.989852,
        "std": 0.032092,
        "min": 0.898517,
        "max": 1.0,
        "samples": 10
      },
      "local_variance": {
        "mean": 1136.792365,
        "std": 1498.737316,
        "min": 100.08165,
        "max": 5004.187988,
        "samples": 10
      },
      "entropy": {
        "mean": 4.552593,
        "std": 2.185603,