{
  "name": "NSFW",
  "tags": [
    "cartoon",
    "lying",
    "nsfw",
    "realistic",
    "sitting",
    "standing"
  ],
  "prompt": "A unified set of wallpapers featuring various characters in a cartoon style, blending vibrant blues and greens with pops of pink and yellow, evoking a dark and mysterious atmosphere.",
  "palette_weights": {
    "Purple": 0.149086,
    "Pink-Magenta": 0.234779,
    "Red": 0.173068,
    "Blue": 0.043717,
    "Orange": 0.040206,
    "Yellow": 0.025811,
    "Black": 0.333333
  },
  "heuristic_pattern": {
    "features": {
      "colorfulness": {
        "mean": 0.169916,
        "std": 0.113559,
        "min": 0.035477,
        "max": 0.379171,
        "samples": 10
      },
      "hsv_S_mean": {
        "mean": 49.937645,
        "std": 32.023653,
        "min": 4.103782,
        "max": 115.459618,
        "samples": 10
      },
      "hsv_S_std": {
        "mean": 45.862947,
        "std": 21.159818,
        "min": 11.042428,
        "max": 68.54539,
        "samples": 10
      },
      "hsv_V_mean": {
        "mean": 173.522,
        "std": 51.442985,
        "min": 91.313255,
        "max": 243.170798,
        "samples": 10
      },
      "hsv_V_std": {
        "mean": 66.551544,
        "std": 19.14866,
        "min": 24.051982,
        "max": 86.539928,
        "samples": 10
      },
      "lab_warm_bias": {
        "mean": 131.731749,
        "std": 3.973904,
        "min": 126.581268,
        "max": 138.868164,
        "samples": 10
      },
      "lab_chroma_mean": {
        "mean": 186.437152,
        "std": 5.716665,
        "min": 179.084137,
        "max": 196.686951,
        "samples": 10
      },
      "sat_low_fraction": {
        "mean": 0.760803,
        "std": 0.233232,
        "min": 0.239978,
        "max": 0.999295,
        "samples": 10
      },
      "sat_high_fraction": {
        "mean": 0.045677,
        "std": 0.047791,
        "min": 2.6e-05,
        "max": 0.133502,
        "samples": 10
      },
      "sat_variance": {
        "mean": 0.038545,
        "std": 0.027343,
        "min": 0.001875,
        "max": 0.072256,
        "samples": 10
      },
      "sat_bimodal": {
        "mean": 0.0,
        "std": 0.0,
        "min": 0.0,
        "max": 0.0,
        "samples": 10
      },
      "edge_density": {
        "mean": 0.045925,
        "std": 0.021381,
        "min": 0.01111,
        "max": 0.08696,
        "samples": 10
      },
      "mean_edge_magnitude": {
        "mean": 122.888041,
        "std": 49.248835,
        "min": 72.04538,
        "max": 191.782257,
        "samples": 10
      },
      "texture_entropy": {
        "mean": 3.136949,
        "std": 0.989227,
        "min": 1.481861,
        "max": 3.954592,
        "samples": 10
      },
      "texture_energy": {
        "mean": 33421.55753,
        "std": 17124.749645,
        "min": 9224.857192,
        "max": 59069.530003,
        "samples": 10
      },
      "texture_contrast": {
        "mean": 205.045252,
        "std": 157.615881,
        "min": 49.14499,
        "max": 509.755806,
        "samples": 10
      },
      "silhouette_ratio": {
        "mean": 0.613718,
        "std": 0.228034,
        "min": 0.276694,
        "max": 0.948669,
        "samples": 10
      },
      "hog_energy": {
        "mean": 413.167401,
        "std": 76.287903,
        "min": 218.191803,
        "max": 463.715576,
        "samples": 10
      },
      "high_low_ratio": {
        "mean": 23.771539,
        "std": 3.141055,
        "min": 16.667498,
        "max": 27.185141,
        "samples": 10
      },
      "anime_score": {
        "mean": 0.030813,
        "std": 0.054965,
        "min": 0.0,
        "max": 0.1602,
        "samples": 10
      },
      "cyberpunk_score": {
        "mean": 0.0,
        "std": 0.0,
        "min": 0.0,
        "max": 0.0,
        "samples": 10
      },
      "space_score": {
        "mean": 0.113733,
        "std": 0.122632,
        "min": 0.0,
        "max": 0.398985,
        "samples": 10
      },
      "nature_score": {
        "mean": 0.201195,
        "std": 0.246829,
        "min": 0.0,
        "max": 0.64718,
        "samples": 10
      },
      "neon_score": {
        "mean": 0.0,
        "std": 0.0,
        "min": 0.0,
        "max": 0.0,
        "samples": 10
      },
      "pastel_score": {
        "mean": 0.095739,
        "std": 0.108106,
        "min": 0.0,
        "max": 0.247782,
        "samples": 10
      },
      "vw_score": {
        "mean": 0.0,
        "std": 0.0,
        "min": 0.0,
        "max": 0.0,
        "samples": 10
      },
      "sepia_score": {
        "mean": 0.064136,
        "std": 0.135245,
        "min": 0.0,
        "max": 0.405586,
        "samples": 10
      },
      "vintage_score": {
        "mean": 0.0,
        "std": 0.0,
        "min": 0.0,
        "max": 0.0,
        "samples": 10
      },
      "tenengrad": {
        "mean": 9589.370044,
        "std": 6042.283502,
        "min": 2545.873779,
        "max": 21105.792969,
        "samples": 10
      },
      "sharpness": {
        "mean": 1219.538947,
        "std": 337.052118,
        "min": 748.897644,
        "max": 1900.524902,
        "samples": 10
      },
      "aesthetic": {
        "mean": 0.688468,
        "std": 0.142373,
        "min": 0.509488,
        "max": 0.972049,
        "samples": 10
      },
      "noise_estimate": {
        "mean": 0.889548,
        "std": 1.036628,
        "min": 0.0,
        "max": 2.965159,
        "samples": 10
      },
      "bris_quality_score": {
        "mean": 0.323281,
        "std": 0.271346,
        "min": 0.0,
        "max": 0.701872,
        "samples": 10
      },
      "dct_low_energy": {
        "mean": 0.163772,
        "std": 0.051527,
        "min": 0.094416,
        "max": 0.295431,
        "samples": 10
      },
      "dct_high_energy": {
        "mean": 0.836228,
        "std": 0.051527,
        "min": 0.704569,
        "max": 0.905584,
        "samples": 10
      },
      "centeredness": {
        "mean": 0.826619,
        "std": 0.145049,
        "min": 0.57563,
        "max": 0.98345,
        "samples": 10
      },
      "thirds_score": {
        "mean": 0.057233,
        "std": 0.0213,
        "min": 0.035217,
        "max": 0.10082,
        "samples": 10
      },
      "diagonal_strength": {
        "mean": 0.130538,
        "std": 0.02231,
        "min": 0.091631,
        "max": 0.170405,
        "samples": 10
      },
      "depth_score": {
        "mean": 0.64139,
        "std": 0.324124,
        "min": 0.224415,
        "max": 1.0,
        "samples": 10
      },
      "depth_gradient": {
        "mean": 0.128838,
        "std": 0.11029,
        "min": 0.017194,
        "max": 0.322975,
        "samples": 10
      },
      "saliency_concentration": {
        "mean": 0.248364,
        "std": 0.092233,
        "min": 0.161744,
        "max": 0.433284,
        "samples": 10
      },
      "subject_area_ratio": {
        "mean": 0.486303,
        "std": 0.39218,
        "min": 0.082992,
        "max": 0.999268,
        "samples": 10
      },
      "fg_bg_contrast": {
        "mean": 239.638213,
        "std": 42.791278,
        "min": 182.876968,
        "max": 325.210449,
        "samples": 10
      },
      "periodicity_score": {
        "mean": 0.148391,
        "std": 0.130585,
        "min": 0.0,
        "max": 0.307918,
        "samples": 10
      },
      "tile_similarity": {
        "mean": 0.119038,
        "std": 0.322918,
        "min": -0.103606,
        "max": 0.999999,
        "samples": 10
      },
      "texture_complexity": {
        "mean": 0.468043,
        "std": 0.165413,
        "min": 0.18817,
        "max": 0.729963,
        "samples": 10
      },
      "gradient_complexity": {
        "mean": 1.0,
        "std": 0.0,
        "min": 1.0,
        "max": 1.0,
        "samples": 10
      },
      "local_variance": {
        "mean": 602.055489,
        "std": 390.880287,
        "min": 216.52446,