{
  "name": "NSFW",
  "tags": [
    "cartoon",
    "lying",
    "nsfw",
    "realistic",
    "sitting",
    "standing"
  ],
  "prompt": "A unified set of wallpapers featuring various characters in a cartoon style, blending vibrant blues and greens with pops of pink and yellow, evoking a dark and mysterious atmosphere.",
  "palette_weights": {
    "Purple": 0.149086,
    "Pink-Magenta": 0.234779,
    "Red": 0.173068,
    "Blue": 0.043717,
    "Orange": 0.040206,
    "Yellow": 0.025811,
    "Black": 0.333333
  },
  "heuristic_pattern": {
    "features": {
      "colorfulness": {
        "mean": 0.166055,
        "std": 0.120458,
        "min": 0.0,
        "max": 0.350722,
        "samples": 10
      },
      "hsv_S_mean": {
        "mean": 58.667013,
        "std": 37.967356,
        "min": 0.0,
        "max": 102.532929,
        "samples": 10
      },
      "hsv_S_std": {
        "mean": 36.058459,
        "std": 28.910299,
        "min": 0.0,
        "max": 96.288285,
        "samples": 10
      },
      "hsv_V_mean": {
        "mean": 159.007522,
        "std": 44.312265,
        "min": 98.75006,
        "max": 228.855956,
        "samples": 10
      },
      "hsv_V_std": {
        "mean": 66.403826,
        "std": 18.829858,
        "min": 38.403194,
        "max": 102.369019,
        "samples": 10
      },
      "lab_warm_bias": {
        "mean": 133.215086,
        "std": 5.602745,
        "min": 127.224411,
        "max": 143.400665,
        "samples": 10
      },
      "lab_chroma_mean": {
        "mean": 188.541638,
        "std": 7.969876,
        "min": 180.19249,
        "max": 203.049835,
        "samples": 10
      },
      "sat_low_fraction": {
        "mean": 0.685111,
        "std": 0.310803,
        "min": 0.050886,
        "max": 1.0,
        "samples": 10
      },
      "sat_high_fraction": {
        "mean": 0.042971,
        "std": 0.083931,
        "min": 0.0,
        "max": 0.262895,
        "samples": 10
      },
      "sat_variance": {
        "mean": 0.031564,
        "std": 0.043453,
        "min": 0.0,
        "max": 0.142583,
        "samples": 10
      },
      "sat_bimodal": {
        "mean": 0.1,
        "std": 0.316228,
        "min": 0.0,
        "max": 1.0,
        "samples": 10
      },
      "edge_density": {
        "mean": 0.050133,
        "std": 0.021778,
        "min": 0.007475,
        "max": 0.082187,
        "samples": 10
      },
      "mean_edge_magnitude": {
        "mean": 191.004703,
        "std": 194.159017,
        "min": 17.390873,
        "max": 521.9505,
        "samples": 10
      },
      "texture_entropy": {
        "mean": 3.014311,
        "std": 1.03732,
        "min": 1.105056,
        "max": 3.991216,
        "samples": 10
      },
      "texture_energy": {
        "mean": 27673.948504,
        "std": 17190.881007,
        "min": 7093.398889,
        "max": 57417.272749,
        "samples": 10
      },
      "texture_contrast": {
        "mean": 448.197528,
        "std": 512.230571,
        "min": 26.892559,
        "max": 1300.978852,
        "samples": 10
      },
      "silhouette_ratio": {
        "mean": 0.529309,
        "std": 0.211596,
        "min": 0.338739,
        "max": 0.902808,
        "samples": 10
      },
      "hog_energy": {
        "mean": 444.348132,
        "std": 32.122573,
        "min": 384.409973,
        "max": 463.85321,
        "samples": 10
      },
      "high_low_ratio": {
        "mean": 28.196809,
        "std": 3.983975,
        "min": 21.600327,
        "max": 35.015179,
        "samples": 10
      },
      "anime_score": {
        "mean": 0.0,
        "std": 0.0,
        "min": 0.0,
        "max": 0.0,
        "samples": 10
      },
      "cyberpunk_score": {
        "mean": 0.0,
        "std": 0.0,
        "min": 0.0,
        "max": 0.0,
        "samples": 10
      },
      "space_score": {
        "mean": 0.097631,
        "std": 0.136733,
        "min": 0.0,
        "max": 0.391956,
        "samples": 10
      },
      "nature_score": {
        "mean": 0.358099,
        "std": 0.373259,
        "min": 0.0,
        "max": 1.0,
        "samples": 10
      },
      "neon_score": {
        "mean": 0.0,
        "std": 0.0,
        "min": 0.0,
        "max": 0.0,
        "samples": 10
      },
      "pastel_score": {
        "mean": 0.217344,
        "std": 0.207974,
        "min": 0.0,
        "max": 0.490615,
        "samples": 10
      },
      "vw_score": {
        "mean": 0.0,
        "std": 0.0,
        "min": 0.0,
        "max": 0.0,
        "samples": 10
      },
      "sepia_score": {
        "mean": 0.224932,
        "std": 0.244625,
        "min": 0.0,
        "max": 0.601038,
        "samples": 10
      },
      "vintage_score": {
        "mean": 0.03959,
        "std": 0.118368,
        "min": 0.0,
        "max": 0.376,
        "samples": 10
      },
      "tenengrad": {
        "mean": 20551.040399,
        "std": 24357.832124,
        "min": 616.76239,
        "max": 59437.679688,
        "samples": 10
      },
      "sharpness": {
        "mean": 1493.265216,
        "std": 1099.300443,
        "min": 205.640869,
        "max": 3224.882324,
        "samples": 10
      },
      "aesthetic": {
        "mean": 0.646925,
        "std": 0.123604,
        "min": 0.501422,
        "max": 0.941481,
        "samples": 10
      },
      "noise_estimate": {
        "mean": 2.520386,
        "std": 3.206549,
        "min": 0.0,
        "max": 10.378058,
        "samples": 10
      },
      "bris_quality_score": {
        "mean": 0.479589,
        "std": 0.375103,
        "min": 0.0,
        "max": 0.898324,
        "samples": 10
      },
      "dct_low_energy": {
        "mean": 0.147271,
        "std": 0.060756,
        "min": 0.062514,
        "max": 0.250839,
        "samples": 10
      },
      "dct_high_energy": {
        "mean": 0.852729,
        "std": 0.060756,
        "min": 0.749161,
        "max": 0.937486,
        "samples": 10
      },
      "centeredness": {
        "mean": 0.854377,
        "std": 0.09641,
        "min": 0.636323,
        "max": 0.968529,
        "samples": 10
      },
      "thirds_score": {
        "mean": 0.035221,
        "std": 0.004973,
        "min": 0.029077,
        "max": 0.042056,
        "samples": 10
      },
      "diagonal_strength": {
        "mean": 0.172132,
        "std": 0.078311,
        "min": 0.117877,
        "max": 0.318041,
        "samples": 10
      },
      "depth_score": {
        "mean": 0.794329,
        "std": 0.330694,
        "min": 0.217472,
        "max": 1.0,
        "samples": 10
      },
      "depth_gradient": {
        "mean": 0.28508,
        "std": 0.25004,
        "min": 0.026946,
        "max": 0.698659,
        "samples": 10
      },
      "saliency_concentration": {
        "mean": 0.240879,
        "std": 0.118845,
        "min": 0.138765,
        "max": 0.464452,
        "samples": 10
      },
      "subject_area_ratio": {
        "mean": 0.267427,
        "std": 0.109014,
        "min": 0.150516,
        "max": 0.519627,
        "samples": 10
      },
      "fg_bg_contrast": {
        "mean": 237.127463,
        "std": 111.30209,
        "min": 101.468048,
        "max": 407.1026,
        "samples": 10
      },
      "periodicity_score": {
        "mean": 0.149935,
        "std": 0.13653,
        "min": 0.0,
        "max": 0.36213,
        "samples": 10
      },
      "tile_similarity": {
        "mean": -0.036676,
        "std": 0.064555,
        "min": -0.140209,
        "max": 0.046403,
        "samples": 10
      },
      "texture_complexity": {
        "mean": 0.595773,
        "std": 0.284052,
        "min": 0.322261,
        "max": 1.0,
        "samples": 10
      },
      "gradient_complexity": {
        "mean": 0.92804,
        "std": 0.213368,
        "min": 0.321922,
        "max": 1.0,
        "samples": 10
      },
      "local_variance": {
        "mean": 1115.82198,
        "std": 1245.987867,
        "min": 53.225079,
        "max": 2963.381592,