{
  "name": "NSFW",
  "tags": [
    "cartoon",
    "lying",
    "nsfw",
    "realistic",
    "sitting",
    "standing"
  ],
  "prompt": "A unified set of wallpapers featuring various characters in a cartoon style, blending vibrant blues and greens with pops of pink and yellow, evoking a dark and mysterious atmosphere.",
  "palette_weights": {
    "Purple": 0.149086,
    "Pink-Magenta": 0.234779,
    "Red": 0.173068,
    "Blue": 0.043717,
    "Orange": 0.040206,
    "Yellow": 0.025811,
    "Black": 0.333333
  },
  "heuristic_pattern": {
    "features": {
      "colorfulness": {
        "mean": 0.312734,
        "std": 0.152592,
        "min": 0.137015,
        "max": 0.563736,
        "samples": 10
      },
      "hsv_S_mean": {
        "mean": 76.938358,
        "std": 38.090103,
        "min": 35.346949,
        "max": 141.487086,
        "samples": 10
      },
      "hsv_S_std": {
        "mean": 42.851924,
        "std": 13.430738,
        "min": 17.058105,
        "max": 56.727359,
        "samples": 10
      },
      "hsv_V_mean": {
        "mean": 180.16939,
        "std": 30.614317,
        "min": 132.836997,
        "max": 227.550174,
        "samples": 10
      },
      "hsv_V_std": {
        "mean": 62.561919,
        "std": 13.656367,
        "min": 44.818691,
        "max": 82.928286,
        "samples": 10
      },
      "lab_warm_bias": {
        "mean": 137.334312,
        "std": 7.326143,
        "min": 126.67366,
        "max": 147.291016,
        "samples": 10
      },
      "lab_chroma_mean": {
        "mean": 194.800467,
        "std": 10.51712,
        "min": 179.896851,
        "max": 208.574265,
        "samples": 10
      },
      "sat_low_fraction": {
        "mean": 0.536213,
        "std": 0.325188,
        "min": 0.05501,
        "max": 0.966815,
        "samples": 10
      },
      "sat_high_fraction": {
        "mean": 0.053505,
        "std": 0.088668,
        "min": 0.0,
        "max": 0.273061,
        "samples": 10
      },
      "sat_variance": {
        "mean": 0.030736,
        "std": 0.015876,
        "min": 0.004475,
        "max": 0.049489,
        "samples": 10
      },
      "sat_bimodal": {
        "mean": 0.0,
        "std": 0.0,
        "min": 0.0,
        "max": 0.0,
        "samples": 10
      },
      "edge_density": {
        "mean": 0.0521,
        "std": 0.03462,
        "min": 0.018595,
        "max": 0.117772,
        "samples": 10
      },
      "mean_edge_magnitude": {
        "mean": 68.186905,
        "std": 22.887892,
        "min": 39.223667,
        "max": 107.395203,
        "samples": 10
      },
      "texture_entropy": {
        "mean": 3.61209,
        "std": 0.408028,
        "min": 2.745567,
        "max": 3.975059,
        "samples": 10
      },
      "texture_energy": {
        "mean": 28879.908943,
        "std": 9947.110662,
        "min": 14464.374201,
        "max": 41634.89727,
        "samples": 10
      },
      "texture_contrast": {
        "mean": 118.345079,
        "std": 72.14881,
        "min": 38.10772,
        "max": 227.918216,
        "samples": 10
      },
      "silhouette_ratio": {
        "mean": 0.571408,
        "std": 0.180488,
        "min": 0.316525,
        "max": 0.834827,
        "samples": 10
      },
      "hog_energy": {
        "mean": 459.582672,
        "std": 10.758566,
        "min": 429.591614,
        "max": 463.733521,
        "samples": 10
      },
      "high_low_ratio": {
        "mean": 28.228246,
        "std": 6.893456,
        "min": 21.394644,
        "max": 45.837452,
        "samples": 10
      },
      "anime_score": {
        "mean": 0.117007,
        "std": 0.26037,
        "min": 0.0,
        "max": 0.761823,
        "samples": 10
      },
      "cyberpunk_score": {
        "mean": 0.008349,
        "std": 0.026402,
        "min": 0.0,
        "max": 0.083491,
        "samples": 10
      },
      "space_score": {
        "mean": 0.044634,
        "std": 0.094108,
        "min": 0.0,
        "max": 0.226215,
        "samples": 10
      },
      "nature_score": {
        "mean": 0.518713,
        "std": 0.289591,
        "min": 0.165035,
        "max": 1.0,
        "samples": 10
      },
      "neon_score": {
        "mean": 0.007056,
        "std": 0.022312,
        "min": 0.0,
        "max": 0.070556,
        "samples": 10
      },
      "pastel_score": {
        "mean": 0.182456,
        "std": 0.21183,
        "min": 0.0,
        "max": 0.660101,
        "samples": 10
      },
      "vw_score": {
        "mean": 0.0,
        "std": 0.0,
        "min": 0.0,
        "max": 0.0,
        "samples": 10
      },
      "sepia_score": {
        "mean": 0.091773,
        "std": 0.088611,
        "min": 0.0,
        "max": 0.242215,
        "samples": 10
      },
      "vintage_score": {
        "mean": 0.015649,
        "std": 0.049486,
        "min": 0.0,
        "max": 0.156488,
        "samples": 10
      },
      "tenengrad": {
        "mean": 5305.957776,
        "std": 3206.837318,
        "min": 1845.266357,
        "max": 11690.007812,
        "samples": 10
      },
      "sharpness": {
        "mean": 902.036285,
        "std": 245.401504,
        "min": 660.71582,
        "max": 1361.793335,
        "samples": 10
      },
      "aesthetic": {
        "mean": 0.766108,
        "std": 0.16513,
        "min": 0.616868,
        "max": 0.981045,
        "samples": 10
      },
      "noise_estimate": {
        "mean": 3.261675,
        "std": 3.480468,
        "min": 0.0,
        "max": 11.860638,
        "samples": 10
      },
      "bris_quality_score": {
        "mean": 0.369685,
        "std": 0.35984,
        "min": 0.0,
        "max": 0.991357,
        "samples": 10
      },
      "dct_low_energy": {
        "mean": 0.178106,
        "std": 0.021559,
        "min": 0.143495,
        "max": 0.213641,
        "samples": 10
      },
      "dct_high_energy": {
        "mean": 0.821894,
        "std": 0.021559,
        "min": 0.786359,
        "max": 0.856505,
        "samples": 10
      },
      "centeredness": {
        "mean": 0.805949,
        "std": 0.096057,
        "min": 0.676113,
        "max": 0.948975,
        "samples": 10
      },
      "thirds_score": {
        "mean": 0.035135,
        "std": 0.00903,
        "min": 0.021782,
        "max": 0.052135,
        "samples": 10
      },
      "diagonal_strength": {
        "mean": 0.146218,
        "std": 0.022374,
        "min": 0.103489,
        "max": 0.186491,
        "samples": 10
      },
      "depth_score": {
        "mean": 0.589452,
        "std": 0.386358,
        "min": 0.11087,
        "max": 1.0,
        "samples": 10
      },
      "depth_gradient": {
        "mean": 0.225615,
        "std": 0.089728,
        "min": 0.099549,
        "max": 0.384991,
        "samples": 10
      },
      "saliency_concentration": {
        "mean": 0.211373,
        "std": 0.037452,
        "min": 0.174615,
        "max": 0.281763,
        "samples": 10
      },
      "subject_area_ratio": {
        "mean": 0.346834,
        "std": 0.210161,
        "min": 0.102644,
        "max": 0.762962,
        "samples": 10
      },
      "fg_bg_contrast": {
        "mean": 211.833977,
        "std": 50.859633,
        "min": 123.526291,
        "max": 276.868011,
        "samples": 10
      },
      "periodicity_score": {
        "mean": 0.084466,
        "std": 0.147177,
        "min": 0.0,
        "max": 0.418966,
        "samples": 10
      },
      "tile_similarity": {
        "mean": -0.008549,
        "std": 0.076437,
        "min": -0.166223,
        "max": 0.113287,
        "samples": 10
      },
      "texture_complexity": {
        "mean": 0.424591,
        "std": 0.067234,
        "min": 0.315911,
        "max": 0.535555,
        "samples": 10
      },
      "gradient_complexity": {
        "mean": 1.0,
        "std": 0.0,
        "min": 1.0,
        "max": 1.0,
        "samples": 10
      },
      "local_variance": {
        "mean": 339.26494,
        "std": 179.792117,