{
  "name": "NSFW",
  "tags": [
    "cartoon",
    "lying",
    "nsfw",
    "realistic",
    "sitting",
    "standing"
  ],
  "prompt": "A unified set of wallpapers featuring various characters in a cartoon style, blending vibrant blues and greens with pops of pink and yellow, evoking a dark and mysterious atmosphere.",
  "palette_weights": {
    "Purple": 0.149086,
    "Pink-Magenta": 0.234779,
    "Red": 0.173068,
    "Blue": 0.043717,
    "Orange": 0.040206,
    "Yellow": 0.025811,
    "Black": 0.333333
  },
  "heuristic_pattern": {
    "features": {
      "colorfulness": {
        "mean": 0.28009,
        "std": 0.137558,
        "min": 0.083243,
        "max": 0.569413,
        "samples": 10
      },
      "hsv_S_mean": {
        "mean": 81.69119,
        "std": 20.737043,
        "min": 41.635465,
        "max": 110.084242,
        "samples": 10
      },
      "hsv_S_std": {
        "mean": 56.467051,
        "std": 21.907674,
        "min": 19.869008,
        "max": 96.288285,
        "samples": 10
      },
      "hsv_V_mean": {
        "mean": 166.263682,
        "std": 37.605662,
        "min": 94.342125,
        "max": 227.973235,
        "samples": 10
      },
      "hsv_V_std": {
        "mean": 61.754256,
        "std": 17.086386,
        "min": 41.674791,
        "max": 102.369019,
        "samples": 10
      },
      "lab_warm_bias": {
        "mean": 131.080285,
        "std": 6.25052,
        "min": 123.57016,
        "max": 141.278107,
        "samples": 10
      },
      "lab_chroma_mean": {
        "mean": 185.79404,
        "std": 8.752327,
        "min": 175.679871,
        "max": 200.182373,
        "samples": 10
      },
      "sat_low_fraction": {
        "mean": 0.61011,
        "std": 0.178357,
        "min": 0.39053,
        "max": 0.950968,
        "samples": 10
      },
      "sat_high_fraction": {
        "mean": 0.105011,
        "std": 0.121807,
        "min": 0.000485,
        "max": 0.337621,
        "samples": 10
      },
      "sat_variance": {
        "mean": 0.055678,
        "std": 0.040718,
        "min": 0.006071,
        "max": 0.142583,
        "samples": 10
      },
      "sat_bimodal": {
        "mean": 0.3,
        "std": 0.483046,
        "min": 0.0,
        "max": 1.0,
        "samples": 10
      },
      "edge_density": {
        "mean": 0.056005,
        "std": 0.038543,
        "min": 0.01198,
        "max": 0.127763,
        "samples": 10
      },
      "mean_edge_magnitude": {
        "mean": 120.602357,
        "std": 103.330005,
        "min": 36.306969,
        "max": 334.259766,
        "samples": 10
      },
      "texture_entropy": {
        "mean": 3.459761,
        "std": 0.575178,
        "min": 2.283017,
        "max": 4.06721,
        "samples": 10
      },
      "texture_energy": {
        "mean": 24716.130498,
        "std": 8556.958809,
        "min": 10207.01783,
        "max": 39939.165418,
        "samples": 10
      },
      "texture_contrast": {
        "mean": 239.724556,
        "std": 268.182694,
        "min": 28.627427,
        "max": 892.097239,
        "samples": 10
      },
      "silhouette_ratio": {
        "mean": 0.539533,
        "std": 0.191439,
        "min": 0.166386,
        "max": 0.842606,
        "samples": 10
      },
      "hog_energy": {
        "mean": 443.975244,
        "std": 32.949963,
        "min": 363.467896,
        "max": 463.818359,
        "samples": 10
      },
      "high_low_ratio": {
        "mean": 25.375917,
        "std": 2.453648,
        "min": 21.600327,
        "max": 29.98262,
        "samples": 10
      },
      "anime_score": {
        "mean": 0.136164,
        "std": 0.188423,
        "min": 0.0,
        "max": 0.509614,
        "samples": 10
      },
      "cyberpunk_score": {
        "mean": 0.01103,
        "std": 0.03488,
        "min": 0.0,
        "max": 0.110299,
        "samples": 10
      },
      "space_score": {
        "mean": 0.054034,
        "std": 0.121013,
        "min": 0.0,
        "max": 0.391956,
        "samples": 10
      },
      "nature_score": {
        "mean": 0.259522,
        "std": 0.248864,
        "min": 0.0,
        "max": 0.672379,
        "samples": 10
      },
      "neon_score": {
        "mean": 0.010296,
        "std": 0.032559,
        "min": 0.0,
        "max": 0.102962,
        "samples": 10
      },
      "pastel_score": {
        "mean": 0.188415,
        "std": 0.129878,
        "min": 0.0,
        "max": 0.356933,
        "samples": 10
      },
      "vw_score": {
        "mean": 0.0,
        "std": 0.0,
        "min": 0.0,
        "max": 0.0,
        "samples": 10
      },
      "sepia_score": {
        "mean": 0.081364,
        "std": 0.090578,
        "min": 0.0,
        "max": 0.275299,
        "samples": 10
      },
      "vintage_score": {
        "mean": 0.0,
        "std": 0.0,
        "min": 0.0,
        "max": 0.0,
        "samples": 10
      },
      "tenengrad": {
        "mean": 10852.563354,
        "std": 13716.637434,
        "min": 1558.396118,
        "max": 46848.890625,
        "samples": 10
      },
      "sharpness": {
        "mean": 1281.162323,
        "std": 617.557753,
        "min": 613.016846,
        "max": 2458.981934,
        "samples": 10
      },
      "aesthetic": {
        "mean": 0.804334,
        "std": 0.150069,
        "min": 0.617083,
        "max": 0.981045,
        "samples": 10
      },
      "noise_estimate": {
        "mean": 3.409933,
        "std": 4.793929,
        "min": 0.0,
        "max": 14.825797,
        "samples": 10
      },
      "bris_quality_score": {
        "mean": 0.447527,
        "std": 0.428036,
        "min": 0.0,
        "max": 0.99628,
        "samples": 10
      },
      "dct_low_energy": {
        "mean": 0.143844,
        "std": 0.028706,
        "min": 0.099048,
        "max": 0.190528,
        "samples": 10
      },
      "dct_high_energy": {
        "mean": 0.856156,
        "std": 0.028706,
        "min": 0.809472,
        "max": 0.900952,
        "samples": 10
      },
      "centeredness": {
        "mean": 0.824399,
        "std": 0.106952,
        "min": 0.617828,
        "max": 0.954016,
        "samples": 10
      },
      "thirds_score": {
        "mean": 0.045318,
        "std": 0.013676,
        "min": 0.026685,
        "max": 0.065329,
        "samples": 10
      },
      "diagonal_strength": {
        "mean": 0.137538,
        "std": 0.038269,
        "min": 0.041429,
        "max": 0.190497,
        "samples": 10
      },
      "depth_score": {
        "mean": 0.617274,
        "std": 0.411195,
        "min": 0.067355,
        "max": 1.0,
        "samples": 10
      },
      "depth_gradient": {
        "mean": 0.1635,
        "std": 0.162923,
        "min": 0.040859,
        "max": 0.556766,
        "samples": 10
      },
      "saliency_concentration": {
        "mean": 0.201621,
        "std": 0.037542,
        "min": 0.138765,
        "max": 0.280164,
        "samples": 10
      },
      "subject_area_ratio": {
        "mean": 0.462671,
        "std": 0.315072,
        "min": 0.087219,
        "max": 0.998115,
        "samples": 10
      },
      "fg_bg_contrast": {
        "mean": 212.367227,
        "std": 56.402291,
        "min": 143.338394,
        "max": 330.9151,
        "samples": 10
      },
      "periodicity_score": {
        "mean": 0.144203,
        "std": 0.157183,
        "min": 0.0,
        "max": 0.362943,
        "samples": 10
      },
      "tile_similarity": {
        "mean": -0.003804,
        "std": 0.156988,
        "min": -0.166223,
        "max": 0.327502,
        "samples": 10
      },
      "texture_complexity": {
        "mean": 0.476244,
        "std": 0.200062,
        "min": 0.258586,
        "max": 1.0,
        "samples": 10
      },
      "gradient_complexity": {
        "mean": 0.966216,
        "std": 0.08594,
        "min": 0.729057,
        "max": 1.0,
        "samples": 10
      },
      "local_variance": {
        "mean": 597.292188,