{
  "name": "NSFW",
  "tags": [
    "cartoon",
    "lying",
    "nsfw",
    "realistic",
    "sitting",
    "standing"
  ],
  "prompt": "A unified set of wallpapers featuring various characters in a cartoon style, blending vibrant blues and greens with pops of pink and yellow, evoking a dark and mysterious atmosphere.",
  "palette_weights": {
    "Purple": 0.149086,
    "Pink-Magenta": 0.234779,
    "Red": 0.173068,
    "Blue": 0.043717,
    "Orange": 0.040206,
    "Yellow": 0.025811,
    "Black": 0.333333
  },
  "heuristic_pattern": {
    "features": {
      "colorfulness": {
        "mean": 0.203662,
        "std": 0.108709,
        "min": 0.033253,
        "max": 0.349116,
        "samples": 10
      },
      "hsv_S_mean": {
        "mean": 72.274391,
        "std": 47.592697,
        "min": 4.260872,
        "max": 170.629333,
        "samples": 10
      },
      "hsv_S_std": {
        "mean": 45.832696,
        "std": 24.804454,
        "min": 11.313932,
        "max": 86.416813,
        "samples": 10
      },
      "hsv_V_mean": {
        "mean": 154.898145,
        "std": 49.821857,
        "min": 60.0551,
        "max": 217.39976,
        "samples": 10
      },
      "hsv_V_std": {
        "mean": 64.65328,
        "std": 14.781522,
        "min": 46.005823,
        "max": 86.539928,
        "samples": 10
      },
      "lab_warm_bias": {
        "mean": 129.06647,
        "std": 6.137861,
        "min": 120.794319,
        "max": 141.528137,
        "samples": 10
      },
      "lab_chroma_mean": {
        "mean": 183.064215,
        "std": 8.329499,
        "min": 171.27388,
        "max": 200.309753,
        "samples": 10
      },
      "sat_low_fraction": {
        "mean": 0.618163,
        "std": 0.292142,
        "min": 0.216348,
        "max": 0.999585,
        "samples": 10
      },
      "sat_high_fraction": {
        "mean": 0.104548,
        "std": 0.23336,
        "min": 1e-06,
        "max": 0.751331,
        "samples": 10
      },
      "sat_variance": {
        "mean": 0.040821,
        "std": 0.037044,
        "min": 0.001969,
        "max": 0.114846,
        "samples": 10
      },
      "sat_bimodal": {
        "mean": 0.1,
        "std": 0.316228,
        "min": 0.0,
        "max": 1.0,
        "samples": 10
      },
      "edge_density": {
        "mean": 0.039044,
        "std": 0.024858,
        "min": 0.006239,
        "max": 0.093449,
        "samples": 10
      },
      "mean_edge_magnitude": {
        "mean": 110.76316,
        "std": 74.110221,
        "min": 35.279697,
        "max": 239.888611,
        "samples": 10
      },
      "texture_entropy": {
        "mean": 3.350062,
        "std": 0.63605,
        "min": 2.306706,
        "max": 3.975059,
        "samples": 10
      },
      "texture_energy": {
        "mean": 25228.676181,
        "std": 15413.271333,
        "min": 2806.5074,
        "max": 49702.046771,
        "samples": 10
      },
      "texture_contrast": {
        "mean": 232.564087,
        "std": 277.471544,
        "min": 14.429254,
        "max": 896.142741,
        "samples": 10
      },
      "silhouette_ratio": {
        "mean": 0.496931,
        "std": 0.259503,
        "min": 0.054029,
        "max": 0.854026,
        "samples": 10
      },
      "hog_energy": {
        "mean": 439.634619,
        "std": 38.957629,
        "min": 376.646088,
        "max": 463.663879,
        "samples": 10
      },
      "high_low_ratio": {
        "mean": 28.947537,
        "std": 5.649927,
        "min": 22.36459,
        "max": 40.559498,
        "samples": 10
      },
      "anime_score": {
        "mean": 0.046914,
        "std": 0.104809,
        "min": 0.0,
        "max": 0.308149,
        "samples": 10
      },
      "cyberpunk_score": {
        "mean": 0.0,
        "std": 0.0,
        "min": 0.0,
        "max": 0.0,
        "samples": 10
      },
      "space_score": {
        "mean": 0.08328,
        "std": 0.112738,
        "min": 0.0,
        "max": 0.295367,
        "samples": 10
      },
      "nature_score": {
        "mean": 0.11183,
        "std": 0.164972,
        "min": 0.0,
        "max": 0.453527,
        "samples": 10
      },
      "neon_score": {
        "mean": 0.0,
        "std": 0.0,
        "min": 0.0,
        "max": 0.0,
        "samples": 10
      },
      "pastel_score": {
        "mean": 0.097161,
        "std": 0.120429,
        "min": 0.0,
        "max": 0.252411,
        "samples": 10
      },
      "vw_score": {
        "mean": 0.0,
        "std": 0.0,
        "min": 0.0,
        "max": 0.0,
        "samples": 10
      },
      "sepia_score": {
        "mean": 0.029733,
        "std": 0.054182,
        "min": 0.0,
        "max": 0.16058,
        "samples": 10
      },
      "vintage_score": {
        "mean": 0.0,
        "std": 0.0,
        "min": 0.0,
        "max": 0.0,
        "samples": 10
      },
      "tenengrad": {
        "mean": 9429.182855,
        "std": 10499.241491,
        "min": 903.770569,
        "max": 33675.992188,
        "samples": 10
      },
      "sharpness": {
        "mean": 1049.33736,
        "std": 759.398784,
        "min": 363.384277,
        "max": 2902.390869,
        "samples": 10
      },
      "aesthetic": {
        "mean": 0.707581,
        "std": 0.18111,
        "min": 0.528403,
        "max": 0.981045,
        "samples": 10
      },
      "noise_estimate": {
        "mean": 0.889548,
        "std": 1.036628,
        "min": 0.0,
        "max": 2.965159,
        "samples": 10
      },
      "bris_quality_score": {
        "mean": 0.179917,
        "std": 0.292239,
        "min": 0.0,
        "max": 0.688025,
        "samples": 10
      },
      "dct_low_energy": {
        "mean": 0.176325,
        "std": 0.052101,
        "min": 0.087625,
        "max": 0.295431,
        "samples": 10
      },
      "dct_high_energy": {
        "mean": 0.823675,
        "std": 0.052101,
        "min": 0.704569,
        "max": 0.912375,
        "samples": 10
      },
      "centeredness": {
        "mean": 0.830177,
        "std": 0.097782,
        "min": 0.647742,
        "max": 0.968584,
        "samples": 10
      },
      "thirds_score": {
        "mean": 0.056244,
        "std": 0.018119,
        "min": 0.029981,
        "max": 0.081006,
        "samples": 10
      },
      "diagonal_strength": {
        "mean": 0.134645,
        "std": 0.021314,
        "min": 0.091631,
        "max": 0.167653,
        "samples": 10
      },
      "depth_score": {
        "mean": 0.646116,
        "std": 0.419771,
        "min": 0.047859,
        "max": 1.0,
        "samples": 10
      },
      "depth_gradient": {
        "mean": 0.287158,
        "std": 0.102048,
        "min": 0.1529,
        "max": 0.511306,
        "samples": 10
      },
      "saliency_concentration": {
        "mean": 0.2496,
        "std": 0.096184,
        "min": 0.163439,
        "max": 0.448798,
        "samples": 10
      },
      "subject_area_ratio": {
        "mean": 0.47003,
        "std": 0.362491,
        "min": 0.042809,
        "max": 0.997936,
        "samples": 10
      },
      "fg_bg_contrast": {
        "mean": 232.906853,
        "std": 52.337939,
        "min": 153.950516,
        "max": 325.210449,
        "samples": 10
      },
      "periodicity_score": {
        "mean": 0.144093,
        "std": 0.154889,
        "min": 0.0,
        "max": 0.347985,
        "samples": 10
      },
      "tile_similarity": {
        "mean": 0.112367,
        "std": 0.223939,
        "min": -0.166223,
        "max": 0.514045,
        "samples": 10
      },
      "texture_complexity": {
        "mean": 0.47786,
        "std": 0.226776,
        "min": 0.202048,
        "max": 1.0,
        "samples": 10
      },
      "gradient_complexity": {
        "mean": 0.958614,
        "std": 0.130875,
        "min": 0.586138,
        "max": 1.0,
        "samples": 10
      },
      "local_variance": {
        "mean": 581.276411,
        "std": 654.927915,
        "min": 79.183624,