{
  "name": "NSFW",
  "tags": [
    "cartoon",
    "lying",
    "nsfw",
    "realistic",
    "sitting",
    "standing"
  ],
  "prompt": "A unified set of wallpapers featuring various characters in a cartoon style, blending vibrant blues and greens with pops of pink and yellow, evoking a dark and mysterious atmosphere.",
  "palette_weights": {
    "Purple": 0.149086,
    "Pink-Magenta": 0.234779,
    "Red": 0.173068,
    "Blue": 0.043717,
    "Orange": 0.040206,
    "Yellow": 0.025811,
    "Black": 0.333333
  },
  "heuristic_pattern": {
    "features": {
      "colorfulness": {
        "mean": 0.259841,
        "std": 0.090253,
        "min": 0.107476,
        "max": 0.396532,
        "samples": 10
      },
      "hsv_S_mean": {
        "mean": 66.553855,
        "std": 26.926605,
        "min": 22.982953,
        "max": 114.72826,
        "samples": 10
      },
      "hsv_S_std": {
        "mean": 39.312516,
        "std": 12.127246,
        "min": 17.058105,
        "max": 55.110686,
        "samples": 10
      },
      "hsv_V_mean": {
        "mean": 172.151835,
        "std": 41.091362,
        "min": 126.168022,
        "max": 240.804057,
        "samples": 10
      },
      "hsv_V_std": {
        "mean": 59.970242,
        "std": 19.670865,
        "min": 29.932184,
        "max": 88.651413,
        "samples": 10
      },
      "lab_warm_bias": {
        "mean": 134.47291,
        "std": 5.463749,
        "min": 128.388153,
        "max": 146.746033,
        "samples": 10
      },
      "lab_chroma_mean": {
        "mean": 190.495728,
        "std": 7.543006,
        "min": 182.126587,
        "max": 207.612869,
        "samples": 10
      },
      "sat_low_fraction": {
        "mean": 0.6405,
        "std": 0.288895,
        "min": 0.05501,
        "max": 0.966815,
        "samples": 10
      },
      "sat_high_fraction": {
        "mean": 0.015447,
        "std": 0.01869,
        "min": 0.0,
        "max": 0.052236,
        "samples": 10
      },
      "sat_variance": {
        "mean": 0.025803,
        "std": 0.013765,
        "min": 0.004475,
        "max": 0.046708,
        "samples": 10
      },
      "sat_bimodal": {
        "mean": 0.0,
        "std": 0.0,
        "min": 0.0,
        "max": 0.0,
        "samples": 10
      },
      "edge_density": {
        "mean": 0.059857,
        "std": 0.045805,
        "min": 0.011598,
        "max": 0.161963,
        "samples": 10
      },
      "mean_edge_magnitude": {
        "mean": 92.591189,
        "std": 36.500244,
        "min": 21.119402,
        "max": 161.36937,
        "samples": 10
      },
      "texture_entropy": {
        "mean": 3.578134,
        "std": 0.529037,
        "min": 2.285022,
        "max": 3.991665,
        "samples": 10
      },
      "texture_energy": {
        "mean": 27464.112639,
        "std": 12950.288924,
        "min": 13089.934481,
        "max": 53991.34637,
        "samples": 10
      },
      "texture_contrast": {
        "mean": 155.167652,
        "std": 89.495146,
        "min": 24.387256,
        "max": 293.345592,
        "samples": 10
      },
      "silhouette_ratio": {
        "mean": 0.544484,
        "std": 0.207755,
        "min": 0.188401,
        "max": 0.85962,
        "samples": 10
      },
      "hog_energy": {
        "mean": 453.808289,
        "std": 25.746807,
        "min": 381.992249,
        "max": 463.650177,
        "samples": 10
      },
      "high_low_ratio": {
        "mean": 29.457768,
        "std": 7.613406,
        "min": 21.878759,
        "max": 45.837452,
        "samples": 10
      },
      "anime_score": {
        "mean": 0.013441,
        "std": 0.042504,
        "min": 0.0,
        "max": 0.134408,
        "samples": 10
      },
      "cyberpunk_score": {
        "mean": 0.0,
        "std": 0.0,
        "min": 0.0,
        "max": 0.0,
        "samples": 10
      },
      "space_score": {
        "mean": 0.058609,
        "std": 0.079866,
        "min": 0.0,
        "max": 0.185929,
        "samples": 10
      },
      "nature_score": {
        "mean": 0.355592,
        "std": 0.311329,
        "min": 0.0,
        "max": 1.0,
        "samples": 10
      },
      "neon_score": {
        "mean": 0.0,
        "std": 0.0,
        "min": 0.0,
        "max": 0.0,
        "samples": 10
      },
      "pastel_score": {
        "mean": 0.161167,
        "std": 0.174951,
        "min": 0.0,
        "max": 0.484823,
        "samples": 10
      },
      "vw_score": {
        "mean": 0.0,
        "std": 0.0,
        "min": 0.0,
        "max": 0.0,
        "samples": 10
      },
      "sepia_score": {
        "mean": 0.07529,
        "std": 0.071031,
        "min": 0.0,
        "max": 0.165467,
        "samples": 10
      },
      "vintage_score": {
        "mean": 0.015649,
        "std": 0.049486,
        "min": 0.0,
        "max": 0.156488,
        "samples": 10
      },
      "tenengrad": {
        "mean": 6141.594153,
        "std": 2739.756237,
        "min": 1265.672485,
        "max": 11992.923828,
        "samples": 10
      },
      "sharpness": {
        "mean": 951.655173,
        "std": 260.362266,
        "min": 458.812592,
        "max": 1312.908447,
        "samples": 10
      },
      "aesthetic": {
        "mean": 0.716664,
        "std": 0.13995,
        "min": 0.532052,
        "max": 0.968741,
        "samples": 10
      },
      "noise_estimate": {
        "mean": 2.816901,
        "std": 5.343232,
        "min": 0.0,
        "max": 17.790956,
        "samples": 10
      },
      "bris_quality_score": {
        "mean": 0.333828,
        "std": 0.351779,
        "min": 0.0,
        "max": 0.915383,
        "samples": 10
      },
      "dct_low_energy": {
        "mean": 0.171671,
        "std": 0.015004,
        "min": 0.142323,
        "max": 0.192541,
        "samples": 10
      },
      "dct_high_energy": {
        "mean": 0.828329,
        "std": 0.015004,
        "min": 0.807459,
        "max": 0.857677,
        "samples": 10
      },
      "centeredness": {
        "mean": 0.766835,
        "std": 0.095122,
        "min": 0.596588,
        "max": 0.893278,
        "samples": 10
      },
      "thirds_score": {
        "mean": 0.040637,
        "std": 0.012227,
        "min": 0.021782,
        "max": 0.056193,
        "samples": 10
      },
      "diagonal_strength": {
        "mean": 0.143429,
        "std": 0.025437,
        "min": 0.11299,
        "max": 0.186491,
        "samples": 10
      },
      "depth_score": {
        "mean": 0.686626,
        "std": 0.357879,
        "min": 0.086519,
        "max": 1.0,
        "samples": 10
      },
      "depth_gradient": {
        "mean": 0.220174,
        "std": 0.124741,
        "min": 0.026273,
        "max": 0.410082,
        "samples": 10
      },
      "saliency_concentration": {
        "mean": 0.213474,
        "std": 0.056596,
        "min": 0.151127,
        "max": 0.305896,
        "samples": 10
      },
      "subject_area_ratio": {
        "mean": 0.343719,
        "std": 0.310039,
        "min": 0.087735,
        "max": 0.997961,
        "samples": 10
      },
      "fg_bg_contrast": {
        "mean": 190.10788,
        "std": 48.693689,
        "min": 123.526291,
        "max": 283.901428,
        "samples": 10
      },
      "periodicity_score": {
        "mean": 0.13917,
        "std": 0.12326,
        "min": 0.0,
        "max": 0.307918,
        "samples": 10
      },
      "tile_similarity": {
        "mean": 0.009014,
        "std": 0.103441,
        "min": -0.107142,
        "max": 0.276435,
        "samples": 10
      },
      "texture_complexity": {
        "mean": 0.431092,
        "std": 0.083188,
        "min": 0.290353,
        "max": 0.573873,
        "samples": 10
      },
      "gradient_complexity": {
        "mean": 0.983502,
        "std": 0.052172,
        "min": 0.835018,
        "max": 1.0,
        "samples": 10
      },
      "local_variance": {
        "mean": 361.528414,
        "std": 153.564655,