{
  "name": "Catppuccin",
  "tags": [
    "cartoon",
    "cyberpunk",
    "realistic"
  ],
  "prompt": "Catppuccin wallpapers unify as a set featuring cats rendered in vibrant cartoon style, predominantly in stark black and white with occasional pops of color hinting at pastel tones, evoking a dramatic yet whimsical mood.",
  "palette_weights": {
    "Blue": 0.353938,
    "Black": 0.646062
  },
  "heuristic_pattern": {
    "features": {
      "colorfulness": {
        "mean": 0.328975,
        "std": 0.21921,
        "min": 0.081869,
        "max": 0.773016,
        "samples": 10
      },
      "hsv_S_mean": {
        "mean": 95.266964,
        "std": 54.690746,
        "min": 22.025268,
        "max": 175.843645,
        "samples": 10
      },
      "hsv_S_std": {
        "mean": 37.113262,
        "std": 23.803762,
        "min": 1.773651,
        "max": 67.608323,
        "samples": 10
      },
      "hsv_V_mean": {
        "mean": 178.96116,
        "std": 61.120713,
        "min": 40.803179,
        "max": 236.989922,
        "samples": 10
      },
      "hsv_V_std": {
        "mean": 47.406902,
        "std": 27.463944,
        "min": 9.051244,
        "max": 87.298487,
        "samples": 10
      },
      "lab_warm_bias": {
        "mean": 135.198398,
        "std": 9.027791,
        "min": 122.157211,
        "max": 149.773468,
        "samples": 10
      },
      "lab_chroma_mean": {
        "mean": 191.783929,
        "std": 13.314545,
        "min": 172.850235,
        "max": 212.95639,
        "samples": 10
      },
      "sat_low_fraction": {
        "mean": 0.555631,
        "std": 0.41607,
        "min": 0.008834,
        "max": 1.0,
        "samples": 10
      },
      "sat_high_fraction": {
        "mean": 0.150206,
        "std": 0.188002,
        "min": 0.0,
        "max": 0.41368,
        "samples": 10
      },
      "sat_variance": {
        "mean": 0.029025,
        "std": 0.026575,
        "min": 4.8e-05,
        "max": 0.070294,
        "samples": 10
      },
      "sat_bimodal": {
        "mean": 0.1,
        "std": 0.316228,
        "min": 0.0,
        "max": 1.0,
        "samples": 10
      },
      "edge_density": {
        "mean": 0.025144,
        "std": 0.016179,
        "min": 0.002661,
        "max": 0.042984,
        "samples": 10
      },
      "mean_edge_magnitude": {
        "mean": 122.961818,
        "std": 117.75685,
        "min": 28.542761,
        "max": 395.539734,
        "samples": 10
      },
      "texture_entropy": {
        "mean": 2.508927,
        "std": 1.381721,
        "min": 0.098932,
        "max": 3.878106,
        "samples": 10
      },
      "texture_energy": {
        "mean": 28739.586795,
        "std": 17738.746445,
        "min": 1503.297593,
        "max": 49829.430556,
        "samples": 10
      },
      "texture_contrast": {
        "mean": 84.667247,
        "std": 57.089541,
        "min": 15.61132,
        "max": 207.334831,
        "samples": 10
      },
      "silhouette_ratio": {
        "mean": 0.65551,
        "std": 0.315058,
        "min": 0.007861,
        "max": 0.995045,
        "samples": 10
      },
      "hog_energy": {
        "mean": 377.764344,
        "std": 174.845442,
        "min": 44.624603,
        "max": 463.810181,
        "samples": 10
      },
      "high_low_ratio": {
        "mean": 34.328263,
        "std": 9.146403,
        "min": 24.239273,
        "max": 52.027943,
        "samples": 10
      },
      "anime_score": {
        "mean": 0.166895,
        "std": 0.245702,
        "min": 0.0,
        "max": 0.671451,
        "samples": 10
      },
      "cyberpunk_score": {
        "mean": 0.062174,
        "std": 0.1194,
        "min": 0.0,
        "max": 0.355412,
        "samples": 10
      },
      "space_score": {
        "mean": 0.097355,
        "std": 0.199882,
        "min": 0.0,
        "max": 0.649012,
        "samples": 10
      },
      "nature_score": {
        "mean": 0.377659,
        "std": 0.364664,
        "min": 0.0,
        "max": 0.994643,
        "samples": 10
      },
      "neon_score": {
        "mean": 0.034601,
        "std": 0.068591,
        "min": 0.0,
        "max": 0.21317,
        "samples": 10
      },
      "pastel_score": {
        "mean": 0.280486,
        "std": 0.340233,
        "min": 0.0,
        "max": 0.990952,
        "samples": 10
      },
      "vw_score": {
        "mean": 0.024847,
        "std": 0.053039,
        "min": 0.0,
        "max": 0.141903,
        "samples": 10
      },
      "sepia_score": {
        "mean": 0.027052,
        "std": 0.049347,
        "min": 0.0,
        "max": 0.143982,
        "samples": 10
      },
      "vintage_score": {
        "mean": 0.004868,
        "std": 0.012168,
        "min": 0.0,
        "max": 0.038206,
        "samples": 10
      },
      "tenengrad": {
        "mean": 4197.058746,
        "std": 3219.732003,
        "min": 786.517029,
        "max": 10514.512695,
        "samples": 10
      },
      "sharpness": {
        "mean": 816.705241,
        "std": 570.492408,
        "min": 218.376495,
        "max": 1807.470703,
        "samples": 10
      },
      "aesthetic": {
        "mean": 0.664487,
        "std": 0.203378,
        "min": 0.407145,
        "max": 0.98084,
        "samples": 10
      },
      "noise_estimate": {
        "mean": 2.22387,
        "std": 2.63827,
        "min": 0.0,
        "max": 7.412899,
        "samples": 10
      },
      "bris_quality_score": {
        "mean": 0.145789,
        "std": 0.304985,
        "min": 0.0,
        "max": 0.829779,
        "samples": 10
      },
      "dct_low_energy": {
        "mean": 0.157388,
        "std": 0.056525,
        "min": 0.11297,
        "max": 0.292918,
        "samples": 10
      },
      "dct_high_energy": {
        "mean": 0.842612,
        "std": 0.056525,
        "min": 0.707082,
        "max": 0.88703,
        "samples": 10
      },
      "centeredness": {
        "mean": 0.853197,
        "std": 0.127782,
        "min": 0.586506,
        "max": 0.999038,
        "samples": 10
      },
      "thirds_score": {
        "mean": 0.049328,
        "std": 0.026365,
        "min": 0.026173,
        "max": 0.120796,
        "samples": 10
      },
      "diagonal_strength": {
        "mean": 0.12239,
        "std": 0.047699,
        "min": 0.048069,
        "max": 0.201218,
        "samples": 10
      },
      "depth_score": {
        "mean": 0.456306,
        "std": 0.296464,
        "min": 0.085201,
        "max": 1.0,
        "samples": 10
      },
      "depth_gradient": {
        "mean": 0.148032,
        "std": 0.119173,
        "min": 0.010488,
        "max": 0.382523,
        "samples": 10
      },
      "saliency_concentration": {
        "mean": 0.278322,
        "std": 0.098703,
        "min": 0.173237,
        "max": 0.444713,
        "samples": 10
      },
      "subject_area_ratio": {
        "mean": 0.650328,
        "std": 0.37209,
        "min": 0.002106,
        "max": 0.998684,
        "samples": 10
      },
      "fg_bg_contrast": {
        "mean": 221.401906,
        "std": 62.102847,
        "min": 150.319702,
        "max": 372.918304,
        "samples": 10
      },
      "periodicity_score": {
        "mean": 0.139878,
        "std": 0.206076,
        "min": 0.0,
        "max": 0.531186,
        "samples": 10
      },
      "tile_similarity": {
        "mean": 0.075584,
        "std": 0.144207,
        "min": -0.062525,
        "max": 0.438771,
        "samples": 10
      },
      "texture_complexity": {
        "mean": 0.310786,
        "std": 0.163333,
        "min": 0.020499,
        "max": 0.526468,
        "samples": 10
      },
      "gradient_complexity": {
        "mean": 0.953145,
        "std": 0.148168,
        "min": 0.531451,
        "max": 1.0,
        "samples": 10
      },
      "local_variance": {
        "mean": 272.371347,
        "std": 227.406959,
        "min": 40.993679,
        "max": 712.554626,
        "samples": 10
      },