{
  "name": "Catppuccin",
  "tags": [
    "cartoon",
    "cyberpunk",
    "realistic"
  ],
  "prompt": "Catppuccin wallpapers unify as a set featuring cats rendered in vibrant cartoon style, predominantly in stark black and white with occasional pops of color hinting at pastel tones, evoking a dramatic yet whimsical mood.",
  "palette_weights": {
    "Blue": 0.353938,
    "Black": 0.646062
  },
  "heuristic_pattern": {
    "features": {
      "colorfulness": {
        "mean": 0.295126,
        "std": 0.163544,
        "min": 0.081869,
        "max": 0.536201,
        "samples": 10
      },
      "hsv_S_mean": {
        "mean": 95.676294,
        "std": 52.614023,
        "min": 22.025268,
        "max": 186.722449,
        "samples": 10
      },
      "hsv_S_std": {
        "mean": 38.194007,
        "std": 34.531766,
        "min": 1.773651,
        "max": 98.817235,
        "samples": 10
      },
      "hsv_V_mean": {
        "mean": 153.721136,
        "std": 66.483933,
        "min": 56.219004,
        "max": 236.989922,
        "samples": 10
      },
      "hsv_V_std": {
        "mean": 50.969337,
        "std": 27.456293,
        "min": 9.051244,
        "max": 89.535916,
        "samples": 10
      },
      "lab_warm_bias": {
        "mean": 133.872451,
        "std": 6.182969,
        "min": 124.055649,
        "max": 144.242401,
        "samples": 10
      },
      "lab_chroma_mean": {
        "mean": 190.330057,
        "std": 8.530088,
        "min": 175.534698,
        "max": 204.3703,
        "samples": 10
      },
      "sat_low_fraction": {
        "mean": 0.564287,
        "std": 0.448048,
        "min": 0.022682,
        "max": 1.0,
        "samples": 10
      },
      "sat_high_fraction": {
        "mean": 0.155381,
        "std": 0.223316,
        "min": 0.0,
        "max": 0.673902,
        "samples": 10
      },
      "sat_variance": {
        "mean": 0.038939,
        "std": 0.052227,
        "min": 4.8e-05,
        "max": 0.150171,
        "samples": 10
      },
      "sat_bimodal": {
        "mean": 0.1,
        "std": 0.316228,
        "min": 0.0,
        "max": 1.0,
        "samples": 10
      },
      "edge_density": {
        "mean": 0.059262,
        "std": 0.06358,
        "min": 0.002661,
        "max": 0.207515,
        "samples": 10
      },
      "mean_edge_magnitude": {
        "mean": 162.541173,
        "std": 105.668073,
        "min": 45.271881,
        "max": 395.539734,
        "samples": 10
      },
      "texture_entropy": {
        "mean": 1.88116,
        "std": 1.413411,
        "min": 0.098932,
        "max": 3.64103,
        "samples": 10
      },
      "texture_energy": {
        "mean": 23157.970223,
        "std": 18342.197914,
        "min": 2860.16896,
        "max": 49829.430556,
        "samples": 10
      },
      "texture_contrast": {
        "mean": 581.087632,
        "std": 1298.090064,
        "min": 15.61132,
        "max": 4257.427518,
        "samples": 10
      },
      "silhouette_ratio": {
        "mean": 0.482482,
        "std": 0.366255,
        "min": 0.051887,
        "max": 0.995045,
        "samples": 10
      },
      "hog_energy": {
        "mean": 350.154424,
        "std": 184.903035,
        "min": 44.624603,
        "max": 463.917664,
        "samples": 10
      },
      "high_low_ratio": {
        "mean": 38.901229,
        "std": 10.975578,
        "min": 26.847498,
        "max": 61.949657,
        "samples": 10
      },
      "anime_score": {
        "mean": 0.123414,
        "std": 0.180348,
        "min": 0.0,
        "max": 0.483778,
        "samples": 10
      },
      "cyberpunk_score": {
        "mean": 0.052354,
        "std": 0.089842,
        "min": 0.0,
        "max": 0.224154,
        "samples": 10
      },
      "space_score": {
        "mean": 0.144724,
        "std": 0.20379,
        "min": 0.0,
        "max": 0.546504,
        "samples": 10
      },
      "nature_score": {
        "mean": 0.338207,
        "std": 0.406436,
        "min": 0.0,
        "max": 0.994643,
        "samples": 10
      },
      "neon_score": {
        "mean": 0.035626,
        "std": 0.058779,
        "min": 0.0,
        "max": 0.13568,
        "samples": 10
      },
      "pastel_score": {
        "mean": 0.236298,
        "std": 0.368942,
        "min": 0.0,
        "max": 0.990952,
        "samples": 10
      },
      "vw_score": {
        "mean": 0.004844,
        "std": 0.015318,
        "min": 0.0,
        "max": 0.04844,
        "samples": 10
      },
      "sepia_score": {
        "mean": 0.036273,
        "std": 0.100401,
        "min": 0.0,
        "max": 0.32,
        "samples": 10
      },
      "vintage_score": {
        "mean": 0.004868,
        "std": 0.012168,
        "min": 0.0,
        "max": 0.038206,
        "samples": 10
      },
      "tenengrad": {
        "mean": 8089.552557,
        "std": 7146.587488,
        "min": 786.517029,
        "max": 23483.394531,
        "samples": 10
      },
      "sharpness": {
        "mean": 822.751283,
        "std": 721.891982,
        "min": 218.376495,
        "max": 2585.900146,
        "samples": 10
      },
      "aesthetic": {
        "mean": 0.63235,
        "std": 0.15063,
        "min": 0.407145,
        "max": 0.901236,
        "samples": 10
      },
      "noise_estimate": {
        "mean": 53.669385,
        "std": 160.413936,
        "min": 0.0,
        "max": 510.007416,
        "samples": 10
      },
      "bris_quality_score": {
        "mean": 0.319134,
        "std": 0.399686,
        "min": 0.0,
        "max": 1.0,
        "samples": 10
      },
      "dct_low_energy": {
        "mean": 0.132343,
        "std": 0.070078,
        "min": 0.065031,
        "max": 0.292918,
        "samples": 10
      },
      "dct_high_energy": {
        "mean": 0.867657,
        "std": 0.070078,
        "min": 0.707082,
        "max": 0.934969,
        "samples": 10
      },
      "centeredness": {
        "mean": 0.838498,
        "std": 0.143842,
        "min": 0.589539,
        "max": 0.999038,
        "samples": 10
      },
      "thirds_score": {
        "mean": 0.046348,
        "std": 0.031877,
        "min": 0.010555,
        "max": 0.120796,
        "samples": 10
      },
      "diagonal_strength": {
        "mean": 0.154993,
        "std": 0.054698,
        "min": 0.056697,
        "max": 0.261564,
        "samples": 10
      },
      "depth_score": {
        "mean": 0.779345,
        "std": 0.344396,
        "min": 0.085201,
        "max": 1.0,
        "samples": 10
      },
      "depth_gradient": {
        "mean": 0.218289,
        "std": 0.19855,
        "min": 0.001159,
        "max": 0.577674,
        "samples": 10
      },
      "saliency_concentration": {
        "mean": 0.31058,
        "std": 0.148768,
        "min": 0.122052,
        "max": 0.563485,
        "samples": 10
      },
      "subject_area_ratio": {
        "mean": 0.497093,
        "std": 0.43008,
        "min": 0.012051,
        "max": 0.998684,
        "samples": 10
      },
      "fg_bg_contrast": {
        "mean": 193.650069,
        "std": 41.598314,
        "min": 135.898621,
        "max": 265.017914,
        "samples": 10
      },
      "periodicity_score": {
        "mean": 0.171349,
        "std": 0.212918,
        "min": 0.0,
        "max": 0.581056,
        "samples": 10
      },
      "tile_similarity": {
        "mean": 0.029208,
        "std": 0.152011,
        "min": -0.121273,
        "max": 0.438771,
        "samples": 10
      },
      "texture_complexity": {
        "mean": 0.351416,
        "std": 0.242408,
        "min": 0.020499,
        "max": 0.754143,
        "samples": 10
      },
      "gradient_complexity": {
        "mean": 0.953145,
        "std": 0.148168,
        "min": 0.531451,
        "max": 1.0,
        "samples": 10
      },
      "local_variance": {
        "mean": 516.514914,
        "std": 602.088261,
        "min": 40.993679,
        "max": 1868.022217,
        "samples": 10
      },