{
  "name": "Catppuccin",
  "tags": [
    "cartoon",
    "cyberpunk",
    "realistic"
  ],
  "prompt": "Catppuccin wallpapers unify as a set featuring cats rendered in vibrant cartoon style, predominantly in stark black and white with occasional pops of color hinting at pastel tones, evoking a dramatic yet whimsical mood.",
  "palette_weights": {
    "Blue": 0.353938,
    "Black": 0.646062
  },
  "heuristic_pattern": {
    "features": {
      "colorfulness": {
        "mean": 0.405372,
        "std": 0.293146,
        "min": 0.081869,
        "max": 0.981067,
        "samples": 15
      },
      "hsv_S_mean": {
        "mean": 105.191973,
        "std": 63.141583,
        "min": 13.065047,
        "max": 223.201651,
        "samples": 15
      },
      "hsv_S_std": {
        "mean": 35.61847,
        "std": 24.48224,
        "min": 1.773651,
        "max": 83.213837,
        "samples": 15
      },
      "hsv_V_mean": {
        "mean": 184.847121,
        "std": 61.159286,
        "min": 40.803179,
        "max": 236.989922,
        "samples": 15
      },
      "hsv_V_std": {
        "mean": 48.495984,
        "std": 23.180673,
        "min": 9.051244,
        "max": 87.298487,
        "samples": 15
      },
      "lab_warm_bias": {
        "mean": 136.677044,
        "std": 14.227351,
        "min": 122.157211,
        "max": 172.972168,
        "samples": 15
      },
      "lab_chroma_mean": {
        "mean": 194.305293,
        "std": 20.312027,
        "min": 172.850235,
        "max": 245.240021,
        "samples": 15
      },
      "sat_low_fraction": {
        "mean": 0.479434,
        "std": 0.455687,
        "min": 0.008834,
        "max": 1.0,
        "samples": 15
      },
      "sat_high_fraction": {
        "mean": 0.198736,
        "std": 0.255929,
        "min": 0.0,
        "max": 0.8607,
        "samples": 15
      },
      "sat_variance": {
        "mean": 0.028114,
        "std": 0.03059,
        "min": 4.8e-05,
        "max": 0.10649,
        "samples": 15
      },
      "sat_bimodal": {
        "mean": 0.066667,
        "std": 0.258199,
        "min": 0.0,
        "max": 1.0,
        "samples": 15
      },
      "edge_density": {
        "mean": 1.0,
        "std": 0.0,
        "min": 1.0,
        "max": 1.0,
        "samples": 15
      },
      "texture_entropy": {
        "mean": 2.163233,
        "std": 1.249227,
        "min": 0.098932,
        "max": 3.878106,
        "samples": 15
      },
      "texture_energy": {
        "mean": 28588.608674,
        "std": 18588.714165,
        "min": 1503.297593,
        "max": 55105.731248,
        "samples": 15
      },
      "texture_contrast": {
        "mean": 414.082047,
        "std": 1070.930802,
        "min": 15.61132,
        "max": 4257.427518,
        "samples": 15
      },
      "silhouette_ratio": {
        "mean": 0.623543,
        "std": 0.238081,
        "min": 0.112421,
        "max": 0.987609,
        "samples": 15
      },
      "hog_energy": {
        "mean": 100.191167,
        "std": 151.225343,
        "min": 2.168742,
        "max": 533.964876,
        "samples": 15
      },
      "high_low_ratio": {
        "mean": 36.314149,
        "std": 11.32568,
        "min": 18.153511,
        "max": 61.949657,
        "samples": 15
      },
      "anime_score": {
        "mean": 0.235243,
        "std": 0.334931,
        "min": 0.0,
        "max": 1.0,
        "samples": 15
      },
      "cyberpunk_score": {
        "mean": 0.093978,
        "std": 0.227563,
        "min": 0.0,
        "max": 0.844797,
        "samples": 15
      },
      "space_score": {
        "mean": 0.087324,
        "std": 0.182912,
        "min": 0.0,
        "max": 0.649012,
        "samples": 15
      },
      "nature_score": {
        "mean": 0.3514,
        "std": 0.369728,
        "min": 0.0,
        "max": 0.994643,
        "samples": 15
      },
      "neon_score": {
        "mean": 0.077748,
        "std": 0.20673,
        "min": 0.0,
        "max": 0.794238,
        "samples": 15
      },
      "pastel_score": {
        "mean": 0.200445,
        "std": 0.302508,
        "min": 0.0,
        "max": 0.990952,
        "samples": 15
      },
      "vw_score": {
        "mean": 0.009392,
        "std": 0.028297,
        "min": 0.0,
        "max": 0.106563,
        "samples": 15
      },
      "sepia_score": {
        "mean": 0.015182,
        "std": 0.024874,
        "min": 0.0,
        "max": 0.083805,
        "samples": 15
      },
      "vintage_score": {
        "mean": 0.003245,
        "std": 0.010041,
        "min": 0.0,
        "max": 0.038206,
        "samples": 15
      },
      "tenengrad": {
        "mean": 0.0,
        "std": 0.0,
        "min": 0.0,
        "max": 0.0,
        "samples": 15
      },
      "sharpness": {
        "mean": 912.068464,
        "std": 759.864086,
        "min": 218.376495,
        "max": 3203.369385,
        "samples": 15
      },
      "aesthetic": {
        "mean": 0.645402,
        "std": 0.180224,
        "min": 0.407145,
        "max": 0.924943,
        "samples": 15
      },
      "noise_estimate": {
        "mean": 0.0,
        "std": 0.0,
        "min": 0.0,
        "max": 0.0,
        "samples": 15
      },
      "bris_quality_score": {
        "mean": 0.302462,
        "std": 0.372197,
        "min": 0.0,
        "max": 1.0,
        "samples": 15
      },
      "dct_low_energy": {
        "mean": 0.0,
        "std": 0.0,
        "min": 0.0,
        "max": 0.0,
        "samples": 15
      },
      "dct_high_energy": {
        "mean": 0.0,
        "std": 0.0,
        "min": 0.0,
        "max": 0.0,
        "samples": 15
      },
      "centeredness": {
        "mean": 0.5,
        "std": 0.0,
        "min": 0.5,
        "max": 0.5,
        "samples": 15
      },
      "thirds_score": {
        "mean": 0.0,
        "std": 0.0,
        "min": 0.0,
        "max": 0.0,
        "samples": 15
      },
      "diagonal_strength": {
        "mean": 0.0,
        "std": 0.0,
        "min": 0.0,
        "max": 0.0,
        "samples": 15
      },
      "depth_score": {
        "mean": 0.5,
        "std": 0.0,
        "min": 0.5,
        "max": 0.5,
        "samples": 15
      },
      "depth_gradient": {
        "mean": 0.0,
        "std": 0.0,
        "min": 0.0,
        "max": 0.0,
        "samples": 15
      },
      "saliency_concentration": {
        "mean": 0.5,
        "std": 0.0,
        "min": 0.5,
        "max": 0.5,
        "samples": 15
      },
      "subject_area_ratio": {
        "mean": 0.5,
        "std": 0.0,
        "min": 0.5,
        "max": 0.5,
        "samples": 15
      },
      "fg_bg_contrast": {
        "mean": 0.0,
        "std": 0.0,
        "min": 0.0,
        "max": 0.0,
        "samples": 15
      },
      "periodicity_score": {
        "mean": 0.0,
        "std": 0.0,
        "min": 0.0,
        "max": 0.0,
        "samples": 15
      },
      "tile_similarity": {
        "mean": 0.0,
        "std": 0.0,
        "min": 0.0,
        "max": 0.0,
        "samples": 15
      },
      "texture_complexity": {
        "mean": 0.5,
        "std": 0.0,
        "min": 0.5,
        "max": 0.5,
        "samples": 15
      },
      "gradient_complexity": {
        "mean": 0.5,
        "std": 0.0,
        "min": 0.5,
        "max": 0.5,
        "samples": 15
      },
      "local_variance": {
        "mean": 0.0,
        "std": 0.0,
        "min": 0.0,
        "max": 0.0,
        "samples": 15
      },
      "h_symmetry": {
        "mean": 0.274695,
        "std": 0.199634,
        "min": 0.0,
        "max": 0.691172,
        "samples": 15
      },
      "v_symmetry": {
        "mean": 0.219259,
        "std": 0.175659,
        "min": 0.0,
        "max": 0.571081,
        "samples": 15
      },
      "point_symmetry": {
        "mean": 0.125641,
        "std": 0.143722,
        "min": 0.0,
        "max": 0.527133,
        "samples": 15
      },
      "main_diagonal_symmetry": {
        "mean": 0.025942,
        "std": 0.100472,