{
  "name": "Catppuccin",
  "tags": [
    "black",
    "catppuccin",
    "sci-fi"
  ],
  "prompt": "Catppuccin style: A wallpaper deep blacks, cool blue tones in a cosmic galaxy scene style. The composition is minimalist composition, centred composition. It evokes a moody dark atmosphere.",
  "palette_weights": {
    "Blue": 0.353938,
    "Black": 0.646062
  },
  "heuristic_pattern": {
    "features": {
      "colorfulness": {
        "mean": 0.33285,
        "std": 0.259533,
        "min": 0.081869,
        "max": 0.782797,
        "samples": 10
      },
      "hsv_S_mean": {
        "mean": 95.131775,
        "std": 55.749882,
        "min": 22.025268,
        "max": 175.843645,
        "samples": 10
      },
      "hsv_S_std": {
        "mean": 32.167533,
        "std": 25.439601,
        "min": 1.773651,
        "max": 83.213837,
        "samples": 10
      },
      "hsv_V_mean": {
        "mean": 175.501771,
        "std": 71.622032,
        "min": 40.803179,
        "max": 236.989922,
        "samples": 10
      },
      "hsv_V_std": {
        "mean": 43.184278,
        "std": 23.203253,
        "min": 9.051244,
        "max": 79.625513,
        "samples": 10
      },
      "lab_warm_bias": {
        "mean": 134.531715,
        "std": 11.476533,
        "min": 122.157211,
        "max": 155.643417,
        "samples": 10
      },
      "lab_chroma_mean": {
        "mean": 190.8953,
        "std": 16.688752,
        "min": 172.850235,
        "max": 222.217148,
        "samples": 10
      },
      "sat_low_fraction": {
        "mean": 0.523112,
        "std": 0.467504,
        "min": 0.008834,
        "max": 1.0,
        "samples": 10
      },
      "sat_high_fraction": {
        "mean": 0.145301,
        "std": 0.188812,
        "min": 0.0,
        "max": 0.45883,
        "samples": 10
      },
      "sat_variance": {
        "mean": 0.024871,
        "std": 0.034087,
        "min": 4.8e-05,
        "max": 0.10649,
        "samples": 10
      },
      "sat_bimodal": {
        "mean": 0.1,
        "std": 0.316228,
        "min": 0.0,
        "max": 1.0,
        "samples": 10
      },
      "edge_density": {
        "mean": 0.022504,
        "std": 0.018866,
        "min": 0.002661,
        "max": 0.064545,
        "samples": 10
      },
      "mean_edge_magnitude": {
        "mean": 139.71972,
        "std": 114.227581,
        "min": 28.542761,
        "max": 395.539734,
        "samples": 10
      },
      "texture_entropy": {
        "mean": 2.01572,
        "std": 1.295699,
        "min": 0.098932,
        "max": 3.878106,
        "samples": 10
      },
      "texture_energy": {
        "mean": 28358.320545,
        "std": 16603.50377,
        "min": 1503.297593,
        "max": 49829.430556,
        "samples": 10
      },
      "texture_contrast": {
        "mean": 105.281097,
        "std": 78.897643,
        "min": 15.61132,
        "max": 219.104742,
        "samples": 10
      },
      "silhouette_ratio": {
        "mean": 0.661377,
        "std": 0.358049,
        "min": 0.007861,
        "max": 0.995045,
        "samples": 10
      },
      "hog_energy": {
        "mean": 366.879002,
        "std": 173.687417,
        "min": 44.624603,
        "max": 463.770752,
        "samples": 10
      },
      "high_low_ratio": {
        "mean": 33.806824,
        "std": 11.006969,
        "min": 16.223656,
        "max": 52.027943,
        "samples": 10
      },
      "anime_score": {
        "mean": 0.15329,
        "std": 0.260256,
        "min": 0.0,
        "max": 0.751527,
        "samples": 10
      },
      "cyberpunk_score": {
        "mean": 0.010974,
        "std": 0.026499,
        "min": 0.0,
        "max": 0.082281,
        "samples": 10
      },
      "space_score": {
        "mean": 0.135041,
        "std": 0.21754,
        "min": 0.0,
        "max": 0.649012,
        "samples": 10
      },
      "nature_score": {
        "mean": 0.403591,
        "std": 0.352335,
        "min": 0.0,
        "max": 0.994643,
        "samples": 10
      },
      "neon_score": {
        "mean": 0.007143,
        "std": 0.022588,
        "min": 0.0,
        "max": 0.071429,
        "samples": 10
      },
      "pastel_score": {
        "mean": 0.228973,
        "std": 0.357473,
        "min": 0.0,
        "max": 0.990952,
        "samples": 10
      },
      "vw_score": {
        "mean": 0.003432,
        "std": 0.010853,
        "min": 0.0,
        "max": 0.03432,
        "samples": 10
      },
      "sepia_score": {
        "mean": 0.007697,
        "std": 0.015129,
        "min": 0.0,
        "max": 0.038206,
        "samples": 10
      },
      "vintage_score": {
        "mean": 0.078321,
        "std": 0.230881,
        "min": 0.0,
        "max": 0.734525,
        "samples": 10
      },
      "tenengrad": {
        "mean": 5156.878278,
        "std": 4393.588967,
        "min": 786.517029,
        "max": 12239.545898,
        "samples": 10
      },
      "sharpness": {
        "mean": 963.561046,
        "std": 930.323274,
        "min": 218.376495,
        "max": 3203.369385,
        "samples": 10
      },
      "aesthetic": {
        "mean": 0.666134,
        "std": 0.198126,
        "min": 0.407145,
        "max": 0.924943,
        "samples": 10
      },
      "noise_estimate": {
        "mean": 2.520386,
        "std": 2.711315,
        "min": 0.0,
        "max": 7.412899,
        "samples": 10
      },
      "bris_quality_score": {
        "mean": 0.137093,
        "std": 0.238005,
        "min": 0.0,
        "max": 0.600316,
        "samples": 10
      },
      "dct_low_energy": {
        "mean": 0.149992,
        "std": 0.063164,
        "min": 0.086432,
        "max": 0.292918,
        "samples": 10
      },
      "dct_high_energy": {
        "mean": 0.850008,
        "std": 0.063164,
        "min": 0.707082,
        "max": 0.913568,
        "samples": 10
      },
      "centeredness": {
        "mean": 0.910747,
        "std": 0.079772,
        "min": 0.794485,
        "max": 0.999038,
        "samples": 10
      },
      "thirds_score": {
        "mean": 0.062421,
        "std": 0.027422,
        "min": 0.037748,
        "max": 0.120796,
        "samples": 10
      },
      "diagonal_strength": {
        "mean": 0.140772,
        "std": 0.039672,
        "min": 0.056697,
        "max": 0.206022,
        "samples": 10
      },
      "depth_score": {
        "mean": 0.596943,
        "std": 0.411948,
        "min": 0.074132,
        "max": 1.0,
        "samples": 10
      },
      "depth_gradient": {
        "mean": 0.110185,
        "std": 0.070517,
        "min": 0.010488,
        "max": 0.220942,
        "samples": 10
      },
      "saliency_concentration": {
        "mean": 0.310899,
        "std": 0.109703,
        "min": 0.184502,
        "max": 0.490587,
        "samples": 10
      },
      "subject_area_ratio": {
        "mean": 0.666059,
        "std": 0.429922,
        "min": 0.002106,
        "max": 0.99935,
        "samples": 10
      },
      "fg_bg_contrast": {
        "mean": 240.413657,
        "std": 53.383398,
        "min": 181.723907,
        "max": 372.918304,
        "samples": 10
      },
      "periodicity_score": {
        "mean": 0.110645,
        "std": 0.15974,
        "min": 0.0,
        "max": 0.462004,
        "samples": 10
      },
      "tile_similarity": {
        "mean": 0.043658,
        "std": 0.144176,
        "min": -0.062525,
        "max": 0.438771,
        "samples": 10
      },
      "texture_complexity": {
        "mean": 0.290022,
        "std": 0.180477,
        "min": 0.020499,
        "max": 0.606139,
        "samples": 10
      },
      "gradient_complexity": {
        "mean": 0.953145,
        "std": 0.148168,
        "min": 0.531451,
        "max": 1.0,
        "samples": 10
      },
      "local_variance": {
        "mean": 315.854296,
        "std": 289.274693,
        "min": 40.993679,
        "max": 941.634155,
        "samples": 10
      },