{
  "name": "Catppuccin",
  "tags": [
    "cartoon",
    "cyberpunk",
    "realistic"
  ],
  "prompt": "Catppuccin wallpapers unify as a set featuring cats rendered in vibrant cartoon style, predominantly in stark black and white with occasional pops of color hinting at pastel tones, evoking a dramatic yet whimsical mood.",
  "palette_weights": {
    "Blue": 0.353938,
    "Black": 0.646062
  },
  "heuristic_pattern": {
    "features": {
      "colorfulness": {
        "mean": 0.383022,
        "std": 0.254726,
        "min": 0.081869,
        "max": 0.801527,
        "samples": 10
      },
      "hsv_S_mean": {
        "mean": 111.953598,
        "std": 61.811172,
        "min": 22.025268,
        "max": 193.17034,
        "samples": 10
      },
      "hsv_S_std": {
        "mean": 42.223377,
        "std": 28.680837,
        "min": 1.773651,
        "max": 84.78043,
        "samples": 10
      },
      "hsv_V_mean": {
        "mean": 165.486287,
        "std": 62.041545,
        "min": 56.219004,
        "max": 236.989922,
        "samples": 10
      },
      "hsv_V_std": {
        "mean": 52.78035,
        "std": 27.65323,
        "min": 9.051244,
        "max": 89.535916,
        "samples": 10
      },
      "lab_warm_bias": {
        "mean": 131.469627,
        "std": 9.880281,
        "min": 112.617752,
        "max": 146.006073,
        "samples": 10
      },
      "lab_chroma_mean": {
        "mean": 187.149419,
        "std": 13.693739,
        "min": 162.363846,
        "max": 208.970367,
        "samples": 10
      },
      "sat_low_fraction": {
        "mean": 0.448864,
        "std": 0.434273,
        "min": 0.022682,
        "max": 1.0,
        "samples": 10
      },
      "sat_high_fraction": {
        "mean": 0.247719,
        "std": 0.29931,
        "min": 0.0,
        "max": 0.806455,
        "samples": 10
      },
      "sat_variance": {
        "mean": 0.038803,
        "std": 0.037638,
        "min": 4.8e-05,
        "max": 0.110538,
        "samples": 10
      },
      "sat_bimodal": {
        "mean": 0.1,
        "std": 0.316228,
        "min": 0.0,
        "max": 1.0,
        "samples": 10
      },
      "edge_density": {
        "mean": 0.035521,
        "std": 0.029616,
        "min": 0.002661,
        "max": 0.096703,
        "samples": 10
      },
      "mean_edge_magnitude": {
        "mean": 138.252056,
        "std": 113.146989,
        "min": 45.271881,
        "max": 395.539734,
        "samples": 10
      },
      "texture_entropy": {
        "mean": 2.443239,
        "std": 1.482837,
        "min": 0.098932,
        "max": 3.798593,
        "samples": 10
      },
      "texture_energy": {
        "mean": 24128.78104,
        "std": 18344.887678,
        "min": 2860.16896,
        "max": 49829.430556,
        "samples": 10
      },
      "texture_contrast": {
        "mean": 119.421007,
        "std": 111.757565,
        "min": 15.61132,
        "max": 414.212965,
        "samples": 10
      },
      "silhouette_ratio": {
        "mean": 0.57895,
        "std": 0.317325,
        "min": 0.094875,
        "max": 0.995045,
        "samples": 10
      },
      "hog_energy": {
        "mean": 379.784455,
        "std": 175.804657,
        "min": 44.624603,
        "max": 463.810181,
        "samples": 10
      },
      "high_low_ratio": {
        "mean": 34.932951,
        "std": 7.321516,
        "min": 26.847498,
        "max": 52.027943,
        "samples": 10
      },
      "anime_score": {
        "mean": 0.291075,
        "std": 0.341851,
        "min": 0.0,
        "max": 1.0,
        "samples": 10
      },
      "cyberpunk_score": {
        "mean": 0.183885,
        "std": 0.311246,
        "min": 0.0,
        "max": 1.0,
        "samples": 10
      },
      "space_score": {
        "mean": 0.110324,
        "std": 0.18805,
        "min": 0.0,
        "max": 0.546504,
        "samples": 10
      },
      "nature_score": {
        "mean": 0.384483,
        "std": 0.409928,
        "min": 0.0,
        "max": 0.994643,
        "samples": 10
      },
      "neon_score": {
        "mean": 0.120765,
        "std": 0.220195,
        "min": 0.0,
        "max": 0.712478,
        "samples": 10
      },
      "pastel_score": {
        "mean": 0.195682,
        "std": 0.307965,
        "min": 0.0,
        "max": 0.990952,
        "samples": 10
      },
      "vw_score": {
        "mean": 0.076324,
        "std": 0.162698,
        "min": 0.0,
        "max": 0.514779,
        "samples": 10
      },
      "sepia_score": {
        "mean": 0.027052,
        "std": 0.049347,
        "min": 0.0,
        "max": 0.143982,
        "samples": 10
      },
      "vintage_score": {
        "mean": 0.004868,
        "std": 0.012168,
        "min": 0.0,
        "max": 0.038206,
        "samples": 10
      },
      "tenengrad": {
        "mean": 6002.706586,
        "std": 6515.886042,
        "min": 786.517029,
        "max": 23483.394531,
        "samples": 10
      },
      "sharpness": {
        "mean": 949.875713,
        "std": 729.170722,
        "min": 218.376495,
        "max": 2585.900146,
        "samples": 10
      },
      "aesthetic": {
        "mean": 0.640556,
        "std": 0.159916,
        "min": 0.407145,
        "max": 0.902586,
        "samples": 10
      },
      "noise_estimate": {
        "mean": 1.927354,
        "std": 1.220567,
        "min": 0.0,
        "max": 2.965159,
        "samples": 10
      },
      "bris_quality_score": {
        "mean": 0.210122,
        "std": 0.332086,
        "min": 0.0,
        "max": 0.829779,
        "samples": 10
      },
      "dct_low_energy": {
        "mean": 0.143206,
        "std": 0.063367,
        "min": 0.082427,
        "max": 0.292918,
        "samples": 10
      },
      "dct_high_energy": {
        "mean": 0.856794,
        "std": 0.063367,
        "min": 0.707082,
        "max": 0.917573,
        "samples": 10
      },
      "centeredness": {
        "mean": 0.834829,
        "std": 0.131854,
        "min": 0.586506,
        "max": 0.999038,
        "samples": 10
      },
      "thirds_score": {
        "mean": 0.049547,
        "std": 0.030179,
        "min": 0.010555,
        "max": 0.120796,
        "samples": 10
      },
      "diagonal_strength": {
        "mean": 0.139526,
        "std": 0.04601,
        "min": 0.056697,
        "max": 0.201218,
        "samples": 10
      },
      "depth_score": {
        "mean": 0.56097,
        "std": 0.367441,
        "min": 0.085201,
        "max": 1.0,
        "samples": 10
      },
      "depth_gradient": {
        "mean": 0.193783,
        "std": 0.120118,
        "min": 0.054577,
        "max": 0.382523,
        "samples": 10
      },
      "saliency_concentration": {
        "mean": 0.283293,
        "std": 0.114649,
        "min": 0.149299,
        "max": 0.490587,
        "samples": 10
      },
      "subject_area_ratio": {
        "mean": 0.536432,
        "std": 0.391046,
        "min": 0.040092,
        "max": 0.998684,
        "samples": 10
      },
      "fg_bg_contrast": {
        "mean": 201.389885,
        "std": 34.711471,
        "min": 150.319702,
        "max": 265.017914,
        "samples": 10
      },
      "periodicity_score": {
        "mean": 0.114471,
        "std": 0.163328,
        "min": 0.0,
        "max": 0.462004,
        "samples": 10
      },
      "tile_similarity": {
        "mean": 0.049871,
        "std": 0.144427,
        "min": -0.085057,
        "max": 0.438771,
        "samples": 10
      },
      "texture_complexity": {
        "mean": 0.34105,
        "std": 0.218217,
        "min": 0.020499,
        "max": 0.754143,
        "samples": 10
      },
      "gradient_complexity": {
        "mean": 0.953145,
        "std": 0.148168,
        "min": 0.531451,
        "max": 1.0,
        "samples": 10
      },
      "local_variance": {
        "mean": 358.791739,
        "std": 384.152947,
        "min": 40.993679,
        "max": 1316.376099,
        "samples": 10
      },