{
  "name": "Space",
  "tags": [
    "cyborg",
    "manga"
  ],
  "prompt": "Space wallpapers blend vibrant blues and whimsical elements, evoking a calm and imaginative mood through cartoon styles that depict planets and celestial bodies in vividly colored galaxies.",
  "palette_weights": {
    "Black": 0.799031,
    "Red": 0.004659,
    "Gray": 0.075428,
    "Pink-Magenta": 0.006619,
    "Orange": 0.008429,
    "Blue": 0.061186,
    "Teal-Cyan": 0.012876,
    "White": 0.012,
    "Green": 0.002456,
    "Purple": 0.017316
  },
  "style": "cartoon",
  "palette": "blue",
  "mood": "calm",
  "samples_analysed": 3,
  "regenerated_at": "2026-06-24T09:37:17",
  "regenerated_with": {
    "vision_model": "llava-phi3:3.8b",
    "text_model": "qwen2.5:3b",
    "tag_policies": true
  },
  "heuristic_pattern": {
    "features": {
      "colorfulness": {
        "mean": 0.178005,
        "std": 0.114452,
        "min": 0.029974,
        "max": 0.404257,
        "samples": 10
      },
      "hsv_S_mean": {
        "mean": 91.976292,
        "std": 52.541101,
        "min": 0.883573,
        "max": 179.272125,
        "samples": 10
      },
      "hsv_S_std": {
        "mean": 36.039373,
        "std": 22.140803,
        "min": 7.078895,
        "max": 70.236327,
        "samples": 10
      },
      "hsv_V_mean": {
        "mean": 85.737137,
        "std": 42.056059,
        "min": 39.303675,
        "max": 167.717208,
        "samples": 10
      },
      "hsv_V_std": {
        "mean": 45.878403,
        "std": 21.675504,
        "min": 14.337846,
        "max": 83.419444,
        "samples": 10
      },
      "lab_warm_bias": {
        "mean": 126.392376,
        "std": 5.41722,
        "min": 117.771927,
        "max": 135.556152,
        "samples": 10
      },
      "lab_chroma_mean": {
        "mean": 179.218361,
        "std": 7.381137,
        "min": 167.320679,
        "max": 191.89093,
        "samples": 10
      },
      "sat_low_fraction": {
        "mean": 0.420801,
        "std": 0.393987,
        "min": 0.01932,
        "max": 0.994918,
        "samples": 10
      },
      "sat_high_fraction": {
        "mean": 0.153063,
        "std": 0.306406,
        "min": 0.0,
        "max": 0.966269,
        "samples": 10
      },
      "sat_variance": {
        "mean": 0.026759,
        "std": 0.02716,
        "min": 0.000771,
        "max": 0.075865,
        "samples": 10
      },
      "sat_bimodal": {
        "mean": 0.0,
        "std": 0.0,
        "min": 0.0,
        "max": 0.0,
        "samples": 10
      },
      "edge_density": {
        "mean": 0.035431,
        "std": 0.029368,
        "min": 0.004228,
        "max": 0.090343,
        "samples": 10
      },
      "mean_edge_magnitude": {
        "mean": 94.928414,
        "std": 70.563514,
        "min": 12.212317,
        "max": 245.080765,
        "samples": 10
      },
      "texture_entropy": {
        "mean": 2.01145,
        "std": 1.435204,
        "min": 0.493296,
        "max": 3.69975,
        "samples": 10
      },
      "texture_energy": {
        "mean": 7620.939032,
        "std": 5050.467495,
        "min": 1143.240988,
        "max": 15351.453437,
        "samples": 10
      },
      "texture_contrast": {
        "mean": 142.209836,
        "std": 180.958192,
        "min": 4.549037,
        "max": 567.703843,
        "samples": 10
      },
      "silhouette_ratio": {
        "mean": 0.165676,
        "std": 0.117761,
        "min": 0.03305,
        "max": 0.376906,
        "samples": 10
      },
      "hog_energy": {
        "mean": 429.847249,
        "std": 72.324895,
        "min": 227.772934,
        "max": 463.797668,
        "samples": 10
      },
      "high_low_ratio": {
        "mean": 34.437589,
        "std": 3.691543,
        "min": 27.942097,
        "max": 39.377029,
        "samples": 10
      },
      "anime_score": {
        "mean": 0.060358,
        "std": 0.12853,
        "min": 0.0,
        "max": 0.340221,
        "samples": 10
      },
      "cyberpunk_score": {
        "mean": 0.028071,
        "std": 0.05918,
        "min": 0.0,
        "max": 0.14046,
        "samples": 10
      },
      "space_score": {
        "mean": 0.354518,
        "std": 0.316323,
        "min": 0.0,
        "max": 0.892248,
        "samples": 10
      },
      "nature_score": {
        "mean": 0.196805,
        "std": 0.233565,
        "min": 0.0,
        "max": 0.618805,
        "samples": 10
      },
      "neon_score": {
        "mean": 0.009655,
        "std": 0.030531,
        "min": 0.0,
        "max": 0.096549,
        "samples": 10
      },
      "pastel_score": {
        "mean": 0.116289,
        "std": 0.293731,
        "min": 0.0,
        "max": 0.944345,
        "samples": 10
      },
      "vw_score": {
        "mean": 0.017558,
        "std": 0.055522,
        "min": 0.0,
        "max": 0.175575,
        "samples": 10
      },
      "sepia_score": {
        "mean": 0.022513,
        "std": 0.041866,
        "min": 0.0,
        "max": 0.12632,
        "samples": 10
      },
      "vintage_score": {
        "mean": 0.012036,
        "std": 0.025742,
        "min": 0.0,
        "max": 0.069381,
        "samples": 10
      },
      "tenengrad": {
        "mean": 5462.843567,
        "std": 6222.811246,
        "min": 300.799744,
        "max": 17336.224609,
        "samples": 10
      },
      "sharpness": {
        "mean": 676.50699,
        "std": 489.182107,
        "min": 131.547333,
        "max": 1521.80603,
        "samples": 10
      },
      "aesthetic": {
        "mean": 0.60838,
        "std": 0.150527,
        "min": 0.392928,
        "max": 0.839569,
        "samples": 10
      },
      "noise_estimate": {
        "mean": 1.037806,
        "std": 1.570571,
        "min": 0.0,
        "max": 4.447739,
        "samples": 10
      },
      "bris_quality_score": {
        "mean": 0.151063,
        "std": 0.199893,
        "min": 0.0,
        "max": 0.444225,
        "samples": 10
      },
      "dct_low_energy": {
        "mean": 0.155751,
        "std": 0.069678,
        "min": 0.065368,
        "max": 0.288976,
        "samples": 10
      },
      "dct_high_energy": {
        "mean": 0.844249,
        "std": 0.069678,
        "min": 0.711024,
        "max": 0.934632,
        "samples": 10
      },
      "centeredness": {
        "mean": 0.847152,
        "std": 0.133264,
        "min": 0.594909,
        "max": 0.995464,
        "samples": 10
      },
      "thirds_score": {
        "mean": 0.052096,
        "std": 0.011469,
        "min": 0.036598,
        "max": 0.066908,
        "samples": 10
      },
      "diagonal_strength": {
        "mean": 0.138506,
        "std": 0.034462,
        "min": 0.075485,
        "max": 0.18698,
        "samples": 10
      },
      "depth_score": {
        "mean": 0.52299,
        "std": 0.399451,
        "min": 0.01018,
        "max": 1.0,
        "samples": 10
      },
      "depth_gradient": {
        "mean": 0.316901,
        "std": 0.221178,
        "min": 0.066792,
        "max": 0.730595,
        "samples": 10
      },
      "saliency_concentration": {
        "mean": 0.364365,
        "std": 0.109336,
        "min": 0.203009,
        "max": 0.567484,
        "samples": 10
      },
      "subject_area_ratio": {
        "mean": 0.149001,
        "std": 0.113683,
        "min": 0.017404,
        "max": 0.332905,
        "samples": 10
      },
      "fg_bg_contrast": {
        "mean": 195.088098,
        "std": 55.227471,
        "min": 116.361908,
        "max": 254.833008,
        "samples": 10
      },
      "periodicity_score": {
        "mean": 0.149276,
        "std": 0.17778,
        "min": 0.0,
        "max": 0.517602,
        "samples": 10
      },
      "tile_similarity": {
        "mean": -0.028455,
        "std": 0.065761,
        "min": -0.138787,
        "max": 0.09306,
        "samples": 10
      },
      "texture_complexity": {
        "mean": 0.252864,
        "std": 0.155907,
        "min": 0.060208,