{
  "name": "Tokyonight",
  "tags": [
    "cartoon",
    "oil-painting",
    "poster",
    "screenshot",
    "tokyonight"
  ],
  "prompt": "Tokyonight wallpapers feature a vibrant blue palette dominated by anime-style characters and scenes, blending dramatic moods through intricate vector elements and vivid color contrasts inspired by Tokyo's nightlife aesthetics.",
  "palette_weights": {
    "Blue": 0.616084,
    "Red": 0.031593,
    "Black": 0.352323
  },
  "heuristic_pattern": {
    "features": {
      "colorfulness": {
        "mean": 0.265642,
        "std": 0.202159,
        "min": 0.001644,
        "max": 0.787763,
        "samples": 10
      },
      "hsv_S_mean": {
        "mean": 108.166566,
        "std": 59.790471,
        "min": 4.981159,
        "max": 195.290016,
        "samples": 10
      },
      "hsv_S_std": {
        "mean": 55.16976,
        "std": 28.303358,
        "min": 20.415894,
        "max": 90.690751,
        "samples": 10
      },
      "hsv_V_mean": {
        "mean": 107.674191,
        "std": 65.469684,
        "min": 33.231283,
        "max": 220.493562,
        "samples": 10
      },
      "hsv_V_std": {
        "mean": 56.513534,
        "std": 13.784686,
        "min": 35.857916,
        "max": 78.403122,
        "samples": 10
      },
      "lab_warm_bias": {
        "mean": 130.31466,
        "std": 9.007339,
        "min": 122.897934,
        "max": 153.075729,
        "samples": 10
      },
      "lab_chroma_mean": {
        "mean": 185.233977,
        "std": 13.542781,
        "min": 174.179321,
        "max": 220.414719,
        "samples": 10
      },
      "sat_low_fraction": {
        "mean": 0.469044,
        "std": 0.306988,
        "min": 0.103277,
        "max": 0.975408,
        "samples": 10
      },
      "sat_high_fraction": {
        "mean": 0.24967,
        "std": 0.312109,
        "min": 0.0,
        "max": 0.806357,
        "samples": 10
      },
      "sat_variance": {
        "mean": 0.057896,
        "std": 0.049596,
        "min": 0.00641,
        "max": 0.126487,
        "samples": 10
      },
      "sat_bimodal": {
        "mean": 0.2,
        "std": 0.421637,
        "min": 0.0,
        "max": 1.0,
        "samples": 10
      },
      "edge_density": {
        "mean": 0.050576,
        "std": 0.054009,
        "min": 0.004231,
        "max": 0.156934,
        "samples": 10
      },
      "mean_edge_magnitude": {
        "mean": 165.548241,
        "std": 112.324893,
        "min": 34.111568,
        "max": 405.005524,
        "samples": 10
      },
      "texture_entropy": {
        "mean": 2.413825,
        "std": 1.06878,
        "min": 1.255687,
        "max": 3.712545,
        "samples": 10
      },
      "texture_energy": {
        "mean": 13352.957125,
        "std": 12990.356842,
        "min": 2548.223556,
        "max": 36295.76169,
        "samples": 10
      },
      "texture_contrast": {
        "mean": 313.504171,
        "std": 389.322501,
        "min": 17.381851,
        "max": 1233.151903,
        "samples": 10
      },
      "silhouette_ratio": {
        "mean": 0.391799,
        "std": 0.274795,
        "min": 0.11991,
        "max": 0.900611,
        "samples": 10
      },
      "hog_energy": {
        "mean": 399.408246,
        "std": 82.293982,
        "min": 252.025085,
        "max": 463.868011,
        "samples": 10
      },
      "high_low_ratio": {
        "mean": 37.327001,
        "std": 7.46819,
        "min": 27.793547,
        "max": 53.842163,
        "samples": 10
      },
      "anime_score": {
        "mean": 0.126256,
        "std": 0.300318,
        "min": 0.0,
        "max": 0.958728,
        "samples": 10
      },
      "cyberpunk_score": {
        "mean": 0.096311,
        "std": 0.201535,
        "min": 0.0,
        "max": 0.63625,
        "samples": 10
      },
      "space_score": {
        "mean": 0.282478,
        "std": 0.403319,
        "min": 0.0,
        "max": 1.0,
        "samples": 10
      },
      "nature_score": {
        "mean": 0.177913,
        "std": 0.281703,
        "min": 0.0,
        "max": 0.850491,
        "samples": 10
      },
      "neon_score": {
        "mean": 0.073649,
        "std": 0.200172,
        "min": 0.0,
        "max": 0.63625,
        "samples": 10
      },
      "pastel_score": {
        "mean": 0.101618,
        "std": 0.191994,
        "min": 0.0,
        "max": 0.63085,
        "samples": 10
      },
      "vw_score": {
        "mean": 0.019679,
        "std": 0.062229,
        "min": 0.0,
        "max": 0.196786,
        "samples": 10
      },
      "sepia_score": {
        "mean": 0.014588,
        "std": 0.034848,
        "min": 0.0,
        "max": 0.107707,
        "samples": 10
      },
      "vintage_score": {
        "mean": 0.0,
        "std": 0.0,
        "min": 0.0,
        "max": 0.0,
        "samples": 10
      },
      "tenengrad": {
        "mean": 7723.684113,
        "std": 5973.80352,
        "min": 662.990173,
        "max": 17423.154297,
        "samples": 10
      },
      "sharpness": {
        "mean": 883.270786,
        "std": 404.152509,
        "min": 249.652161,
        "max": 1579.927979,
        "samples": 10
      },
      "aesthetic": {
        "mean": 0.667757,
        "std": 0.165717,
        "min": 0.480577,
        "max": 0.983292,
        "samples": 10
      },
      "noise_estimate": {
        "mean": 3.558191,
        "std": 6.488816,
        "min": 0.0,
        "max": 20.756117,
        "samples": 10
      },
      "bris_quality_score": {
        "mean": 0.348659,
        "std": 0.428865,
        "min": 0.0,
        "max": 0.951374,
        "samples": 10
      },
      "dct_low_energy": {
        "mean": 0.136345,
        "std": 0.042983,
        "min": 0.081481,
        "max": 0.199295,
        "samples": 10
      },
      "dct_high_energy": {
        "mean": 0.863655,
        "std": 0.042983,
        "min": 0.800705,
        "max": 0.918519,
        "samples": 10
      },
      "centeredness": {
        "mean": 0.829133,
        "std": 0.145759,
        "min": 0.543247,
        "max": 0.974977,
        "samples": 10
      },
      "thirds_score": {
        "mean": 0.059336,
        "std": 0.026302,
        "min": 0.028262,
        "max": 0.113955,
        "samples": 10
      },
      "diagonal_strength": {
        "mean": 0.124277,
        "std": 0.06321,
        "min": 0.00749,
        "max": 0.191765,
        "samples": 10
      },
      "depth_score": {
        "mean": 0.701479,
        "std": 0.355491,
        "min": 0.150915,
        "max": 1.0,
        "samples": 10
      },
      "depth_gradient": {
        "mean": 0.219182,
        "std": 0.206002,
        "min": 0.064773,
        "max": 0.696144,
        "samples": 10
      },
      "saliency_concentration": {
        "mean": 0.267926,
        "std": 0.093793,
        "min": 0.153069,
        "max": 0.427115,
        "samples": 10
      },
      "subject_area_ratio": {
        "mean": 0.293204,
        "std": 0.281773,
        "min": 0.01059,
        "max": 0.9076,
        "samples": 10
      },
      "fg_bg_contrast": {
        "mean": 192.388219,
        "std": 91.617984,
        "min": 84.909569,
        "max": 402.25061,
        "samples": 10
      },
      "periodicity_score": {
        "mean": 0.232998,
        "std": 0.190355,
        "min": 0.0,
        "max": 0.57559,
        "samples": 10
      },
      "tile_similarity": {
        "mean": 0.065701,
        "std": 0.265093,
        "min": -0.136273,
        "max": 0.795653,
        "samples": 10
      },
      "texture_complexity": {
        "mean": 0.342641,
        "std": 0.145551,
        "min": 0.098236,
        "max": 0.582715,
        "samples": 10
      },
      "gradient_complexity": {
        "mean": 0.915692,
        "std": 0.178114,
        "min": 0.553879,
        "max": 1.0,
        "samples": 10
      },
      "local_variance": {
        "mean": 383.194608,
        "std": 257.190468,
        "min": 54.322582,