{
  "name": "Tokyonight",
  "tags": [
    "cartoon",
    "oil-painting",
    "poster",
    "screenshot",
    "tokyonight"
  ],
  "prompt": "Tokyonight wallpapers feature a vibrant blue palette dominated by anime-style characters and scenes, blending dramatic moods through intricate vector elements and vivid color contrasts inspired by Tokyo's nightlife aesthetics.",
  "palette_weights": {
    "Blue": 0.616084,
    "Red": 0.031593,
    "Black": 0.352323
  },
  "heuristic_pattern": {
    "features": {
      "colorfulness": {
        "mean": 0.33735,
        "std": 0.202729,
        "min": 0.114348,
        "max": 0.787763,
        "samples": 10
      },
      "hsv_S_mean": {
        "mean": 112.212299,
        "std": 57.17164,
        "min": 18.643008,
        "max": 195.290016,
        "samples": 10
      },
      "hsv_S_std": {
        "mean": 56.649169,
        "std": 24.700944,
        "min": 16.452746,
        "max": 90.690751,
        "samples": 10
      },
      "hsv_V_mean": {
        "mean": 121.429042,
        "std": 81.221948,
        "min": 12.541713,
        "max": 232.37892,
        "samples": 10
      },
      "hsv_V_std": {
        "mean": 48.828865,
        "std": 17.287399,
        "min": 18.260602,
        "max": 67.75077,
        "samples": 10
      },
      "lab_warm_bias": {
        "mean": 129.570383,
        "std": 10.483157,
        "min": 112.507248,
        "max": 153.075729,
        "samples": 10
      },
      "lab_chroma_mean": {
        "mean": 184.63526,
        "std": 15.122014,
        "min": 163.914795,
        "max": 220.414719,
        "samples": 10
      },
      "sat_low_fraction": {
        "mean": 0.47554,
        "std": 0.353797,
        "min": 0.046643,
        "max": 0.917864,
        "samples": 10
      },
      "sat_high_fraction": {
        "mean": 0.264808,
        "std": 0.313664,
        "min": 0.0,
        "max": 0.806357,
        "samples": 10
      },
      "sat_variance": {
        "mean": 0.057797,
        "std": 0.042394,
        "min": 0.004163,
        "max": 0.126487,
        "samples": 10
      },
      "sat_bimodal": {
        "mean": 0.2,
        "std": 0.421637,
        "min": 0.0,
        "max": 1.0,
        "samples": 10
      },
      "edge_density": {
        "mean": 0.036079,
        "std": 0.057337,
        "min": 0.002208,
        "max": 0.19365,
        "samples": 10
      },
      "mean_edge_magnitude": {
        "mean": 137.965813,
        "std": 130.320425,
        "min": 19.195726,
        "max": 405.005524,
        "samples": 10
      },
      "texture_entropy": {
        "mean": 2.130517,
        "std": 1.281612,
        "min": 0.455313,
        "max": 3.993478,
        "samples": 10
      },
      "texture_energy": {
        "mean": 14732.83427,
        "std": 13940.80714,
        "min": 543.485848,
        "max": 36295.76169,
        "samples": 10
      },
      "texture_contrast": {
        "mean": 188.406729,
        "std": 345.867647,
        "min": 9.529061,
        "max": 1144.021827,
        "samples": 10
      },
      "silhouette_ratio": {
        "mean": 0.3543,
        "std": 0.26737,
        "min": 0.078655,
        "max": 0.900611,
        "samples": 10
      },
      "hog_energy": {
        "mean": 355.268539,
        "std": 123.370686,
        "min": 182.349457,
        "max": 463.781342,
        "samples": 10
      },
      "high_low_ratio": {
        "mean": 34.993417,
        "std": 4.501017,
        "min": 27.02972,
        "max": 40.974846,
        "samples": 10
      },
      "anime_score": {
        "mean": 0.257421,
        "std": 0.291699,
        "min": 0.0,
        "max": 0.958728,
        "samples": 10
      },
      "cyberpunk_score": {
        "mean": 0.112904,
        "std": 0.200739,
        "min": 0.0,
        "max": 0.63625,
        "samples": 10
      },
      "space_score": {
        "mean": 0.253345,
        "std": 0.425349,
        "min": 0.0,
        "max": 1.0,
        "samples": 10
      },
      "nature_score": {
        "mean": 0.222246,
        "std": 0.32533,
        "min": 0.0,
        "max": 0.850491,
        "samples": 10
      },
      "neon_score": {
        "mean": 0.076676,
        "std": 0.199161,
        "min": 0.0,
        "max": 0.63625,
        "samples": 10
      },
      "pastel_score": {
        "mean": 0.05974,
        "std": 0.095886,
        "min": 0.0,
        "max": 0.234956,
        "samples": 10
      },
      "vw_score": {
        "mean": 0.036637,
        "std": 0.085367,
        "min": 0.0,
        "max": 0.26031,
        "samples": 10
      },
      "sepia_score": {
        "mean": 0.018264,
        "std": 0.045938,
        "min": 0.0,
        "max": 0.144469,
        "samples": 10
      },
      "vintage_score": {
        "mean": 0.0,
        "std": 0.0,
        "min": 0.0,
        "max": 0.0,
        "samples": 10
      },
      "tenengrad": {
        "mean": 5010.529785,
        "std": 6233.452323,
        "min": 565.280701,
        "max": 19620.744141,
        "samples": 10
      },
      "sharpness": {
        "mean": 748.113506,
        "std": 669.29928,
        "min": 217.425949,
        "max": 2382.592773,
        "samples": 10
      },
      "aesthetic": {
        "mean": 0.612878,
        "std": 0.182647,
        "min": 0.323986,
        "max": 0.856613,
        "samples": 10
      },
      "noise_estimate": {
        "mean": 4.447739,
        "std": 6.883316,
        "min": 0.0,
        "max": 20.756117,
        "samples": 10
      },
      "bris_quality_score": {
        "mean": 0.142107,
        "std": 0.274309,
        "min": 0.0,
        "max": 0.895992,
        "samples": 10
      },
      "dct_low_energy": {
        "mean": 0.16164,
        "std": 0.062916,
        "min": 0.054033,
        "max": 0.234646,
        "samples": 10
      },
      "dct_high_energy": {
        "mean": 0.83836,
        "std": 0.062916,
        "min": 0.765354,
        "max": 0.945967,
        "samples": 10
      },
      "centeredness": {
        "mean": 0.769999,
        "std": 0.212357,
        "min": 0.343233,
        "max": 0.996519,
        "samples": 10
      },
      "thirds_score": {
        "mean": 0.065949,
        "std": 0.032195,
        "min": 0.033908,
        "max": 0.129815,
        "samples": 10
      },
      "diagonal_strength": {
        "mean": 0.128037,
        "std": 0.045902,
        "min": 0.033763,
        "max": 0.191765,
        "samples": 10
      },
      "depth_score": {
        "mean": 0.505524,
        "std": 0.379036,
        "min": 0.035174,
        "max": 1.0,
        "samples": 10
      },
      "depth_gradient": {
        "mean": 0.231226,
        "std": 0.193795,
        "min": 0.031275,
        "max": 0.696144,
        "samples": 10
      },
      "saliency_concentration": {
        "mean": 0.305634,
        "std": 0.132176,
        "min": 0.179539,
        "max": 0.53039,
        "samples": 10
      },
      "subject_area_ratio": {
        "mean": 0.294909,
        "std": 0.358648,
        "min": 0.01059,
        "max": 0.998554,
        "samples": 10
      },
      "fg_bg_contrast": {
        "mean": 180.547113,
        "std": 58.915989,
        "min": 78.529106,
        "max": 247.99765,
        "samples": 10
      },
      "periodicity_score": {
        "mean": 0.241161,
        "std": 0.271032,
        "min": 0.0,
        "max": 0.818693,
        "samples": 10
      },
      "tile_similarity": {
        "mean": 0.072548,
        "std": 0.263655,
        "min": -0.152339,
        "max": 0.795653,
        "samples": 10
      },
      "texture_complexity": {
        "mean": 0.276403,
        "std": 0.153859,
        "min": 0.055211,
        "max": 0.505346,
        "samples": 10
      },
      "gradient_complexity": {
        "mean": 0.781705,
        "std": 0.268368,
        "min": 0.364051,
        "max": 1.0,
        "samples": 10
      },
      "local_variance": {
        "mean": 268.028091,
        "std": 297.805764,
        "min": 42.729137,