{
  "name": "Tokyonight",
  "tags": [
    "cartoon",
    "oil-painting",
    "poster",
    "screenshot",
    "tokyonight"
  ],
  "prompt": "Tokyonight wallpapers feature a vibrant blue palette dominated by anime-style characters and scenes, blending dramatic moods through intricate vector elements and vivid color contrasts inspired by Tokyo's nightlife aesthetics.",
  "palette_weights": {
    "Blue": 0.616084,
    "Red": 0.031593,
    "Black": 0.352323
  },
  "heuristic_pattern": {
    "features": {
      "colorfulness": {
        "mean": 0.304721,
        "std": 0.200757,
        "min": 0.10217,
        "max": 0.787763,
        "samples": 15
      },
      "hsv_S_mean": {
        "mean": 102.955435,
        "std": 59.802866,
        "min": 6.74776,
        "max": 195.290016,
        "samples": 15
      },
      "hsv_S_std": {
        "mean": 46.792614,
        "std": 24.743615,
        "min": 17.369985,
        "max": 90.690751,
        "samples": 15
      },
      "hsv_V_mean": {
        "mean": 116.584235,
        "std": 62.077701,
        "min": 28.035644,
        "max": 220.493562,
        "samples": 15
      },
      "hsv_V_std": {
        "mean": 50.981991,
        "std": 18.638354,
        "min": 27.813504,
        "max": 84.502631,
        "samples": 15
      },
      "lab_warm_bias": {
        "mean": 129.660729,
        "std": 9.284605,
        "min": 114.515182,
        "max": 153.075729,
        "samples": 15
      },
      "lab_chroma_mean": {
        "mean": 184.9003,
        "std": 13.010606,
        "min": 166.482162,
        "max": 220.414719,
        "samples": 15
      },
      "sat_low_fraction": {
        "mean": 0.444306,
        "std": 0.372017,
        "min": 0.006292,
        "max": 1.0,
        "samples": 15
      },
      "sat_high_fraction": {
        "mean": 0.205116,
        "std": 0.271711,
        "min": 0.0,
        "max": 0.806357,
        "samples": 15
      },
      "sat_variance": {
        "mean": 0.04246,
        "std": 0.04155,
        "min": 0.00464,
        "max": 0.126487,
        "samples": 15
      },
      "sat_bimodal": {
        "mean": 0.133333,
        "std": 0.351866,
        "min": 0.0,
        "max": 1.0,
        "samples": 15
      },
      "edge_density": {
        "mean": 1.0,
        "std": 0.0,
        "min": 1.0,
        "max": 1.0,
        "samples": 15
      },
      "texture_entropy": {
        "mean": 2.709345,
        "std": 1.04003,
        "min": 0.632703,
        "max": 3.86172,
        "samples": 15
      },
      "texture_energy": {
        "mean": 12845.778594,
        "std": 10267.29981,
        "min": 2466.99284,
        "max": 36295.76169,
        "samples": 15
      },
      "texture_contrast": {
        "mean": 205.981534,
        "std": 350.482943,
        "min": 1.366525,
        "max": 1420.600477,
        "samples": 15
      },
      "silhouette_ratio": {
        "mean": 0.388536,
        "std": 0.150573,
        "min": 0.128401,
        "max": 0.662596,
        "samples": 15
      },
      "hog_energy": {
        "mean": 845.445983,
        "std": 1389.549991,
        "min": 2.073886,
        "max": 5077.896614,
        "samples": 15
      },
      "high_low_ratio": {
        "mean": 29.791626,
        "std": 7.134586,
        "min": 15.60481,
        "max": 35.887375,
        "samples": 15
      },
      "anime_score": {
        "mean": 0.222535,
        "std": 0.334924,
        "min": 0.0,
        "max": 1.0,
        "samples": 15
      },
      "cyberpunk_score": {
        "mean": 0.07749,
        "std": 0.17089,
        "min": 0.0,
        "max": 0.63625,
        "samples": 15
      },
      "space_score": {
        "mean": 0.240547,
        "std": 0.363285,
        "min": 0.0,
        "max": 1.0,
        "samples": 15
      },
      "nature_score": {
        "mean": 0.322273,
        "std": 0.349935,
        "min": 0.0,
        "max": 0.91823,
        "samples": 15
      },
      "neon_score": {
        "mean": 0.049099,
        "std": 0.164469,
        "min": 0.0,
        "max": 0.63625,
        "samples": 15
      },
      "pastel_score": {
        "mean": 0.096424,
        "std": 0.188257,
        "min": 0.0,
        "max": 0.711045,
        "samples": 15
      },
      "vw_score": {
        "mean": 0.029723,
        "std": 0.079701,
        "min": 0.0,
        "max": 0.26031,
        "samples": 15
      },
      "sepia_score": {
        "mean": 0.022826,
        "std": 0.048314,
        "min": 0.0,
        "max": 0.144469,
        "samples": 15
      },
      "vintage_score": {
        "mean": 0.017729,
        "std": 0.048392,
        "min": 0.0,
        "max": 0.165664,
        "samples": 15
      },
      "tenengrad": {
        "mean": 0.0,
        "std": 0.0,
        "min": 0.0,
        "max": 0.0,
        "samples": 15
      },
      "sharpness": {
        "mean": 922.559601,
        "std": 489.484893,
        "min": 208.727966,
        "max": 1960.338135,
        "samples": 15
      },
      "aesthetic": {
        "mean": 0.707982,
        "std": 0.130983,
        "min": 0.499025,
        "max": 0.920447,
        "samples": 15
      },
      "noise_estimate": {
        "mean": 0.0,
        "std": 0.0,
        "min": 0.0,
        "max": 0.0,
        "samples": 15
      },
      "bris_quality_score": {
        "mean": 0.61039,
        "std": 0.322776,
        "min": 0.0,
        "max": 0.962433,
        "samples": 15
      },
      "dct_low_energy": {
        "mean": 0.0,
        "std": 0.0,
        "min": 0.0,
        "max": 0.0,
        "samples": 15
      },
      "dct_high_energy": {
        "mean": 0.0,
        "std": 0.0,
        "min": 0.0,
        "max": 0.0,
        "samples": 15
      },
      "centeredness": {
        "mean": 0.5,
        "std": 0.0,
        "min": 0.5,
        "max": 0.5,
        "samples": 15
      },
      "thirds_score": {
        "mean": 0.0,
        "std": 0.0,
        "min": 0.0,
        "max": 0.0,
        "samples": 15
      },
      "diagonal_strength": {
        "mean": 0.0,
        "std": 0.0,
        "min": 0.0,
        "max": 0.0,
        "samples": 15
      },
      "depth_score": {
        "mean": 0.5,
        "std": 0.0,
        "min": 0.5,
        "max": 0.5,
        "samples": 15
      },
      "depth_gradient": {
        "mean": 0.0,
        "std": 0.0,
        "min": 0.0,
        "max": 0.0,
        "samples": 15
      },
      "saliency_concentration": {
        "mean": 0.5,
        "std": 0.0,
        "min": 0.5,
        "max": 0.5,
        "samples": 15
      },
      "subject_area_ratio": {
        "mean": 0.5,
        "std": 0.0,
        "min": 0.5,
        "max": 0.5,
        "samples": 15
      },
      "fg_bg_contrast": {
        "mean": 0.0,
        "std": 0.0,
        "min": 0.0,
        "max": 0.0,
        "samples": 15
      },
      "periodicity_score": {
        "mean": 0.0,
        "std": 0.0,
        "min": 0.0,
        "max": 0.0,
        "samples": 15
      },
      "tile_similarity": {
        "mean": 0.0,
        "std": 0.0,
        "min": 0.0,
        "max": 0.0,
        "samples": 15
      },
      "texture_complexity": {
        "mean": 0.5,
        "std": 0.0,
        "min": 0.5,
        "max": 0.5,
        "samples": 15
      },
      "gradient_complexity": {
        "mean": 0.5,
        "std": 0.0,
        "min": 0.5,
        "max": 0.5,
        "samples": 15
      },
      "local_variance": {
        "mean": 0.0,
        "std": 0.0,
        "min": 0.0,
        "max": 0.0,
        "samples": 15
      },
      "h_symmetry": {
        "mean": 0.341961,
        "std": 0.263618,
        "min": 0.0,
        "max": 0.80831,
        "samples": 15
      },
      "v_symmetry": {
        "mean": 0.160546,
        "std": 0.152516,
        "min": 0.0,
        "max": 0.472829,
        "samples": 15
      },
      "point_symmetry": {
        "mean": 0.081494,
        "std": 0.130901,
        "min": 0.0,
        "max": 0.429866,
        "samples": 15
      },