{
  "name": "Tokyonight",
  "tags": [
    "cartoon",
    "oil-painting",
    "poster",
    "screenshot",
    "tokyonight"
  ],
  "prompt": "Tokyonight wallpapers feature a vibrant blue palette dominated by anime-style characters and scenes, blending dramatic moods through intricate vector elements and vivid color contrasts inspired by Tokyo's nightlife aesthetics.",
  "palette_weights": {
    "Blue": 0.616084,
    "Red": 0.031593,
    "Black": 0.352323
  },
  "heuristic_pattern": {
    "features": {
      "colorfulness": {
        "mean": 0.39494,
        "std": 0.19321,
        "min": 0.158476,
        "max": 0.787763,
        "samples": 10
      },
      "hsv_S_mean": {
        "mean": 134.063556,
        "std": 42.155166,
        "min": 65.811532,
        "max": 195.290016,
        "samples": 10
      },
      "hsv_S_std": {
        "mean": 63.99931,
        "std": 25.691626,
        "min": 15.696532,
        "max": 93.917717,
        "samples": 10
      },
      "hsv_V_mean": {
        "mean": 126.451441,
        "std": 58.389418,
        "min": 37.124802,
        "max": 220.493562,
        "samples": 10
      },
      "hsv_V_std": {
        "mean": 62.901308,
        "std": 20.000681,
        "min": 38.637779,
        "max": 97.434186,
        "samples": 10
      },
      "lab_warm_bias": {
        "mean": 132.653302,
        "std": 9.638367,
        "min": 121.734924,
        "max": 153.075729,
        "samples": 10
      },
      "lab_chroma_mean": {
        "mean": 189.697313,
        "std": 14.491739,
        "min": 174.800629,
        "max": 220.414719,
        "samples": 10
      },
      "sat_low_fraction": {
        "mean": 0.365522,
        "std": 0.299888,
        "min": 0.057543,
        "max": 0.924592,
        "samples": 10
      },
      "sat_high_fraction": {
        "mean": 0.360537,
        "std": 0.261404,
        "min": 0.0,
        "max": 0.806357,
        "samples": 10
      },
      "sat_variance": {
        "mean": 0.072126,
        "std": 0.045472,
        "min": 0.003789,
        "max": 0.135648,
        "samples": 10
      },
      "sat_bimodal": {
        "mean": 0.4,
        "std": 0.516398,
        "min": 0.0,
        "max": 1.0,
        "samples": 10
      },
      "edge_density": {
        "mean": 0.051528,
        "std": 0.047845,
        "min": 0.003308,
        "max": 0.156934,
        "samples": 10
      },
      "mean_edge_magnitude": {
        "mean": 145.591399,
        "std": 113.165693,
        "min": 19.413095,
        "max": 405.005524,
        "samples": 10
      },
      "texture_entropy": {
        "mean": 2.41616,
        "std": 1.122767,
        "min": 0.466592,
        "max": 3.768363,
        "samples": 10
      },
      "texture_energy": {
        "mean": 14137.981591,
        "std": 11880.448561,
        "min": 2548.223556,
        "max": 36295.76169,
        "samples": 10
      },
      "texture_contrast": {
        "mean": 302.674065,
        "std": 379.104442,
        "min": 13.161953,
        "max": 1233.151903,
        "samples": 10
      },
      "silhouette_ratio": {
        "mean": 0.402723,
        "std": 0.263779,
        "min": 0.091995,
        "max": 0.900611,
        "samples": 10
      },
      "hog_energy": {
        "mean": 383.151013,
        "std": 106.407019,
        "min": 211.18042,
        "max": 463.868011,
        "samples": 10
      },
      "high_low_ratio": {
        "mean": 35.835432,
        "std": 4.193221,
        "min": 30.137047,
        "max": 43.638645,
        "samples": 10
      },
      "anime_score": {
        "mean": 0.29488,
        "std": 0.305768,
        "min": 0.0,
        "max": 0.958728,
        "samples": 10
      },
      "cyberpunk_score": {
        "mean": 0.148709,
        "std": 0.194539,
        "min": 0.0,
        "max": 0.63625,
        "samples": 10
      },
      "space_score": {
        "mean": 0.223173,
        "std": 0.321753,
        "min": 0.0,
        "max": 1.0,
        "samples": 10
      },
      "nature_score": {
        "mean": 0.260163,
        "std": 0.327969,
        "min": 0.0,
        "max": 0.850491,
        "samples": 10
      },
      "neon_score": {
        "mean": 0.086326,
        "std": 0.197363,
        "min": 0.0,
        "max": 0.63625,
        "samples": 10
      },
      "pastel_score": {
        "mean": 0.076636,
        "std": 0.092585,
        "min": 0.0,
        "max": 0.234956,
        "samples": 10
      },
      "vw_score": {
        "mean": 0.066677,
        "std": 0.117753,
        "min": 0.0,
        "max": 0.300398,
        "samples": 10
      },
      "sepia_score": {
        "mean": 0.018264,
        "std": 0.045938,
        "min": 0.0,
        "max": 0.144469,
        "samples": 10
      },
      "vintage_score": {
        "mean": 0.0,
        "std": 0.0,
        "min": 0.0,
        "max": 0.0,
        "samples": 10
      },
      "tenengrad": {
        "mean": 7129.83985,
        "std": 5694.248329,
        "min": 640.737915,
        "max": 16754.734375,
        "samples": 10
      },
      "sharpness": {
        "mean": 922.188858,
        "std": 815.323876,
        "min": 295.00705,
        "max": 3147.784668,
        "samples": 10
      },
      "aesthetic": {
        "mean": 0.647341,
        "std": 0.084367,
        "min": 0.499025,
        "max": 0.776982,
        "samples": 10
      },
      "noise_estimate": {
        "mean": 10.526316,
        "std": 24.235128,
        "min": 0.0,
        "max": 77.094147,
        "samples": 10
      },
      "bris_quality_score": {
        "mean": 0.399878,
        "std": 0.381303,
        "min": 0.0,
        "max": 1.0,
        "samples": 10
      },
      "dct_low_energy": {
        "mean": 0.146848,
        "std": 0.057008,
        "min": 0.081459,
        "max": 0.214037,
        "samples": 10
      },
      "dct_high_energy": {
        "mean": 0.853152,
        "std": 0.057008,
        "min": 0.785963,
        "max": 0.918541,
        "samples": 10
      },
      "centeredness": {
        "mean": 0.787822,
        "std": 0.212324,
        "min": 0.343233,
        "max": 0.999044,
        "samples": 10
      },
      "thirds_score": {
        "mean": 0.053591,
        "std": 0.022771,
        "min": 0.029504,
        "max": 0.093026,
        "samples": 10
      },
      "diagonal_strength": {
        "mean": 0.123919,
        "std": 0.05087,
        "min": 0.033763,
        "max": 0.191765,
        "samples": 10
      },
      "depth_score": {
        "mean": 0.685223,
        "std": 0.394514,
        "min": 0.063093,
        "max": 1.0,
        "samples": 10
      },
      "depth_gradient": {
        "mean": 0.226499,
        "std": 0.197949,
        "min": 0.076704,
        "max": 0.696144,
        "samples": 10
      },
      "saliency_concentration": {
        "mean": 0.252881,
        "std": 0.109745,
        "min": 0.148283,
        "max": 0.47449,
        "samples": 10
      },
      "subject_area_ratio": {
        "mean": 0.327458,
        "std": 0.342373,
        "min": 0.01059,
        "max": 0.998554,
        "samples": 10
      },
      "fg_bg_contrast": {
        "mean": 200.758205,
        "std": 47.808731,
        "min": 113.859215,
        "max": 275.472717,
        "samples": 10
      },
      "periodicity_score": {
        "mean": 0.255282,
        "std": 0.241766,
        "min": 0.0,
        "max": 0.818693,
        "samples": 10
      },
      "tile_similarity": {
        "mean": 0.109176,
        "std": 0.257873,
        "min": -0.097323,
        "max": 0.795653,
        "samples": 10
      },
      "texture_complexity": {
        "mean": 0.342265,
        "std": 0.177677,
        "min": 0.098236,
        "max": 0.675853,
        "samples": 10
      },
      "gradient_complexity": {
        "mean": 0.901543,
        "std": 0.208702,
        "min": 0.461556,
        "max": 1.0,
        "samples": 10
      },
      "local_variance": {
        "mean": 394.622375,
        "std": 330.910061,
        "min": 43.883591,