{
  "name": "Tokyonight",
  "tags": [
    "cartoon",
    "oil-painting",
    "poster",
    "screenshot",
    "tokyonight"
  ],
  "prompt": "Tokyonight wallpapers feature a vibrant blue palette dominated by anime-style characters and scenes, blending dramatic moods through intricate vector elements and vivid color contrasts inspired by Tokyo's nightlife aesthetics.",
  "palette_weights": {
    "Blue": 0.616084,
    "Red": 0.031593,
    "Black": 0.352323
  },
  "heuristic_pattern": {
    "features": {
      "colorfulness": {
        "mean": 0.327182,
        "std": 0.203149,
        "min": 0.158476,
        "max": 0.787763,
        "samples": 10
      },
      "hsv_S_mean": {
        "mean": 124.193227,
        "std": 46.727426,
        "min": 42.776012,
        "max": 195.290016,
        "samples": 10
      },
      "hsv_S_std": {
        "mean": 55.043098,
        "std": 25.118574,
        "min": 15.696532,
        "max": 90.690751,
        "samples": 10
      },
      "hsv_V_mean": {
        "mean": 121.855454,
        "std": 66.012233,
        "min": 37.124802,
        "max": 220.493562,
        "samples": 10
      },
      "hsv_V_std": {
        "mean": 49.390772,
        "std": 13.862525,
        "min": 28.447845,
        "max": 66.078446,
        "samples": 10
      },
      "lab_warm_bias": {
        "mean": 131.2526,
        "std": 9.737692,
        "min": 122.875153,
        "max": 153.075729,
        "samples": 10
      },
      "lab_chroma_mean": {
        "mean": 186.757417,
        "std": 14.891433,
        "min": 174.013519,
        "max": 220.414719,
        "samples": 10
      },
      "sat_low_fraction": {
        "mean": 0.370507,
        "std": 0.337622,
        "min": 0.057543,
        "max": 0.924592,
        "samples": 10
      },
      "sat_high_fraction": {
        "mean": 0.295417,
        "std": 0.284173,
        "min": 0.0,
        "max": 0.806357,
        "samples": 10
      },
      "sat_variance": {
        "mean": 0.055326,
        "std": 0.042798,
        "min": 0.003789,
        "max": 0.126487,
        "samples": 10
      },
      "sat_bimodal": {
        "mean": 0.3,
        "std": 0.483046,
        "min": 0.0,
        "max": 1.0,
        "samples": 10
      },
      "edge_density": {
        "mean": 0.053965,
        "std": 0.058838,
        "min": 0.004231,
        "max": 0.156934,
        "samples": 10
      },
      "mean_edge_magnitude": {
        "mean": 148.211254,
        "std": 115.828836,
        "min": 17.450144,
        "max": 405.005524,
        "samples": 10
      },
      "texture_entropy": {
        "mean": 2.540287,
        "std": 1.154492,
        "min": 0.466592,
        "max": 3.871358,
        "samples": 10
      },
      "texture_energy": {
        "mean": 14035.54783,
        "std": 13250.172418,
        "min": 1755.938025,
        "max": 36295.76169,
        "samples": 10
      },
      "texture_contrast": {
        "mean": 320.364721,
        "std": 440.113979,
        "min": 6.762871,
        "max": 1233.151903,
        "samples": 10
      },
      "silhouette_ratio": {
        "mean": 0.422541,
        "std": 0.287569,
        "min": 0.091995,
        "max": 0.900611,
        "samples": 10
      },
      "hog_energy": {
        "mean": 384.196799,
        "std": 107.232863,
        "min": 211.18042,
        "max": 463.868011,
        "samples": 10
      },
      "high_low_ratio": {
        "mean": 33.650351,
        "std": 6.55281,
        "min": 18.885725,
        "max": 43.638645,
        "samples": 10
      },
      "anime_score": {
        "mean": 0.216475,
        "std": 0.327609,
        "min": 0.0,
        "max": 0.958728,
        "samples": 10
      },
      "cyberpunk_score": {
        "mean": 0.116111,
        "std": 0.202678,
        "min": 0.0,
        "max": 0.63625,
        "samples": 10
      },
      "space_score": {
        "mean": 0.20479,
        "std": 0.329322,
        "min": 0.0,
        "max": 1.0,
        "samples": 10
      },
      "nature_score": {
        "mean": 0.175167,
        "std": 0.302598,
        "min": 0.0,
        "max": 0.850491,
        "samples": 10
      },
      "neon_score": {
        "mean": 0.076676,
        "std": 0.199161,
        "min": 0.0,
        "max": 0.63625,
        "samples": 10
      },
      "pastel_score": {
        "mean": 0.06465,
        "std": 0.11597,
        "min": 0.0,
        "max": 0.378717,
        "samples": 10
      },
      "vw_score": {
        "mean": 0.040646,
        "std": 0.097164,
        "min": 0.0,
        "max": 0.300398,
        "samples": 10
      },
      "sepia_score": {
        "mean": 0.010065,
        "std": 0.021978,
        "min": 0.0,
        "max": 0.062478,
        "samples": 10
      },
      "vintage_score": {
        "mean": 0.0,
        "std": 0.0,
        "min": 0.0,
        "max": 0.0,
        "samples": 10
      },
      "tenengrad": {
        "mean": 8227.216919,
        "std": 8880.397636,
        "min": 320.989563,
        "max": 28747.308594,
        "samples": 10
      },
      "sharpness": {
        "mean": 828.315366,
        "std": 639.611559,
        "min": 147.648392,
        "max": 2296.096924,
        "samples": 10
      },
      "aesthetic": {
        "mean": 0.605189,
        "std": 0.120421,
        "min": 0.323986,
        "max": 0.72254,
        "samples": 10
      },
      "noise_estimate": {
        "mean": 6.078577,
        "std": 9.283733,
        "min": 0.0,
        "max": 23.721275,
        "samples": 10
      },
      "bris_quality_score": {
        "mean": 0.326798,
        "std": 0.363811,
        "min": 0.0,
        "max": 0.881726,
        "samples": 10
      },
      "dct_low_energy": {
        "mean": 0.150049,
        "std": 0.061884,
        "min": 0.075901,
        "max": 0.234646,
        "samples": 10
      },
      "dct_high_energy": {
        "mean": 0.849951,
        "std": 0.061884,
        "min": 0.765354,
        "max": 0.924099,
        "samples": 10
      },
      "centeredness": {
        "mean": 0.805416,
        "std": 0.224543,
        "min": 0.343233,
        "max": 0.999044,
        "samples": 10
      },
      "thirds_score": {
        "mean": 0.053858,
        "std": 0.023441,
        "min": 0.023128,
        "max": 0.093026,
        "samples": 10
      },
      "diagonal_strength": {
        "mean": 0.117544,
        "std": 0.049459,
        "min": 0.033763,
        "max": 0.191765,
        "samples": 10
      },
      "depth_score": {
        "mean": 0.620097,
        "std": 0.394836,
        "min": 0.038471,
        "max": 1.0,
        "samples": 10
      },
      "depth_gradient": {
        "mean": 0.208671,
        "std": 0.207621,
        "min": 0.031275,
        "max": 0.696144,
        "samples": 10
      },
      "saliency_concentration": {
        "mean": 0.279219,
        "std": 0.094932,
        "min": 0.193097,
        "max": 0.47449,
        "samples": 10
      },
      "subject_area_ratio": {
        "mean": 0.381973,
        "std": 0.384246,
        "min": 0.01059,
        "max": 0.998554,
        "samples": 10
      },
      "fg_bg_contrast": {
        "mean": 165.50266,
        "std": 58.989514,
        "min": 76.20771,
        "max": 247.99765,
        "samples": 10
      },
      "periodicity_score": {
        "mean": 0.308359,
        "std": 0.205587,
        "min": 0.0,
        "max": 0.818693,
        "samples": 10
      },
      "tile_similarity": {
        "mean": 0.075271,
        "std": 0.26945,
        "min": -0.152339,
        "max": 0.795653,
        "samples": 10
      },
      "texture_complexity": {
        "mean": 0.354629,
        "std": 0.195512,
        "min": 0.098236,
        "max": 0.728206,
        "samples": 10
      },
      "gradient_complexity": {
        "mean": 0.815368,
        "std": 0.306812,
        "min": 0.233615,
        "max": 1.0,
        "samples": 10
      },
      "local_variance": {
        "mean": 377.243593,
        "std": 338.395242,
        "min": 26.589943,