{
  "name": "Dracula",
  "tags": [
    "castle",
    "manga"
  ],
  "prompt": "Dracula wallpapers feature a unified set of dark and dramatic scenes predominantly rendered in intricate drawings, featuring castles and skulls, all bathed in a rich and vivid purple palette that evokes a sense of mystery and grandeur.",
  "palette_weights": {
    "Gray": 0.157599,
    "Blue": 0.327349,
    "Yellow": 0.095336,
    "Orange": 0.086506,
    "Black": 0.173785,
    "White": 0.049542,
    "Pink-Magenta": 0.034662,
    "Red": 0.023368,
    "Teal-Cyan": 0.021947,
    "Green": 0.029907
  },
  "style": "drawing",
  "palette": "purple",
  "mood": "dramatic",
  "samples_analysed": 3,
  "regenerated_at": "2026-06-24T08:58:48",
  "regenerated_with": {
    "vision_model": "llava-phi3:3.8b",
    "text_model": "qwen2.5:3b",
    "tag_policies": true
  },
  "heuristic_pattern": {
    "features": {
      "colorfulness": {
        "mean": 0.324349,
        "std": 0.145292,
        "min": 0.150996,
        "max": 0.591983,
        "samples": 10
      },
      "hsv_S_mean": {
        "mean": 134.226044,
        "std": 45.582102,
        "min": 72.076582,
        "max": 223.803012,
        "samples": 10
      },
      "hsv_S_std": {
        "mean": 38.070102,
        "std": 25.182403,
        "min": 16.497778,
        "max": 100.787544,
        "samples": 10
      },
      "hsv_V_mean": {
        "mean": 127.518719,
        "std": 66.14891,
        "min": 38.562113,
        "max": 247.704787,
        "samples": 10
      },
      "hsv_V_std": {
        "mean": 42.552813,
        "std": 22.0037,
        "min": 2.307231,
        "max": 83.688832,
        "samples": 10
      },
      "lab_warm_bias": {
        "mean": 128.650718,
        "std": 7.413698,
        "min": 120.374489,
        "max": 142.794067,
        "samples": 10
      },
      "lab_chroma_mean": {
        "mean": 186.456924,
        "std": 9.444022,
        "min": 172.629135,
        "max": 202.221436,
        "samples": 10
      },
      "sat_low_fraction": {
        "mean": 0.181785,
        "std": 0.236598,
        "min": 0.001557,
        "max": 0.718875,
        "samples": 10
      },
      "sat_high_fraction": {
        "mean": 0.220428,
        "std": 0.349294,
        "min": 0.0,
        "max": 0.909377,
        "samples": 10
      },
      "sat_variance": {
        "mean": 0.031066,
        "std": 0.045863,
        "min": 0.004186,
        "max": 0.156219,
        "samples": 10
      },
      "sat_bimodal": {
        "mean": 0.1,
        "std": 0.316228,
        "min": 0.0,
        "max": 1.0,
        "samples": 10
      },
      "edge_density": {
        "mean": 0.017337,
        "std": 0.011259,
        "min": 0.000717,
        "max": 0.038306,
        "samples": 10
      },
      "mean_edge_magnitude": {
        "mean": 88.003773,
        "std": 85.117197,
        "min": 6.978396,
        "max": 309.850372,
        "samples": 10
      },
      "texture_entropy": {
        "mean": 2.494401,
        "std": 0.719126,
        "min": 1.015039,
        "max": 3.566158,
        "samples": 10
      },
      "texture_energy": {
        "mean": 10639.773744,
        "std": 9882.826775,
        "min": 1331.468889,
        "max": 32502.106439,
        "samples": 10
      },
      "texture_contrast": {
        "mean": 79.833784,
        "std": 120.808554,
        "min": 1.849394,
        "max": 396.413901,
        "samples": 10
      },
      "silhouette_ratio": {
        "mean": 0.282298,
        "std": 0.193801,
        "min": 0.056338,
        "max": 0.684819,
        "samples": 10
      },
      "hog_energy": {
        "mean": 416.584505,
        "std": 94.226088,
        "min": 154.374374,
        "max": 463.811462,
        "samples": 10
      },
      "high_low_ratio": {
        "mean": 40.48578,
        "std": 8.184493,
        "min": 21.298613,
        "max": 47.015759,
        "samples": 10
      },
      "anime_score": {
        "mean": 0.28172,
        "std": 0.35327,
        "min": 0.0,
        "max": 1.0,
        "samples": 10
      },
      "cyberpunk_score": {
        "mean": 0.060104,
        "std": 0.132654,
        "min": 0.0,
        "max": 0.38381,
        "samples": 10
      },
      "space_score": {
        "mean": 0.166261,
        "std": 0.345143,
        "min": 0.0,
        "max": 0.981841,
        "samples": 10
      },
      "nature_score": {
        "mean": 0.136923,
        "std": 0.200008,
        "min": 0.0,
        "max": 0.570815,
        "samples": 10
      },
      "neon_score": {
        "mean": 0.05324,
        "std": 0.125186,
        "min": 0.0,
        "max": 0.38381,
        "samples": 10
      },
      "pastel_score": {
        "mean": 0.070884,
        "std": 0.088506,
        "min": 0.0,
        "max": 0.289955,
        "samples": 10
      },
      "vw_score": {
        "mean": 0.0,
        "std": 0.0,
        "min": 0.0,
        "max": 0.0,
        "samples": 10
      },
      "sepia_score": {
        "mean": 0.005897,
        "std": 0.018647,
        "min": 0.0,
        "max": 0.058967,
        "samples": 10
      },
      "vintage_score": {
        "mean": 0.0,
        "std": 0.0,
        "min": 0.0,
        "max": 0.0,
        "samples": 10
      },
      "tenengrad": {
        "mean": 3566.963128,
        "std": 4907.293006,
        "min": 54.595455,
        "max": 15487.700195,
        "samples": 10
      },
      "sharpness": {
        "mean": 577.86002,
        "std": 504.299816,
        "min": 115.706039,
        "max": 1754.540771,
        "samples": 10
      },
      "aesthetic": {
        "mean": 0.641014,
        "std": 0.158399,
        "min": 0.46779,
        "max": 0.955571,
        "samples": 10
      },
      "noise_estimate": {
        "mean": 0.74129,
        "std": 1.25995,
        "min": 0.0,
        "max": 2.965159,
        "samples": 10
      },
      "bris_quality_score": {
        "mean": 0.07874,
        "std": 0.168353,
        "min": 0.0,
        "max": 0.530403,
        "samples": 10
      },
      "dct_low_energy": {
        "mean": 0.16531,
        "std": 0.062951,
        "min": 0.078125,
        "max": 0.303734,
        "samples": 10
      },
      "dct_high_energy": {
        "mean": 0.83469,
        "std": 0.062951,
        "min": 0.696266,
        "max": 0.921875,
        "samples": 10
      },
      "centeredness": {
        "mean": 0.69979,
        "std": 0.145122,
        "min": 0.552473,
        "max": 0.957719,
        "samples": 10
      },
      "thirds_score": {
        "mean": 0.041699,
        "std": 0.025512,
        "min": 0.020488,
        "max": 0.09754,
        "samples": 10
      },
      "diagonal_strength": {
        "mean": 0.120732,
        "std": 0.030745,
        "min": 0.086132,
        "max": 0.164524,
        "samples": 10
      },
      "depth_score": {
        "mean": 0.313882,
        "std": 0.338899,
        "min": 0.016584,
        "max": 1.0,
        "samples": 10
      },
      "depth_gradient": {
        "mean": 0.226613,
        "std": 0.092731,
        "min": 0.081643,
        "max": 0.374267,
        "samples": 10
      },
      "saliency_concentration": {
        "mean": 0.301377,
        "std": 0.077965,
        "min": 0.230957,
        "max": 0.506793,
        "samples": 10
      },
      "subject_area_ratio": {
        "mean": 0.180793,
        "std": 0.143064,
        "min": 0.081128,
        "max": 0.560141,
        "samples": 10
      },
      "fg_bg_contrast": {
        "mean": 162.713529,
        "std": 108.605401,
        "min": 51.591526,
        "max": 358.382843,
        "samples": 10
      },
      "periodicity_score": {
        "mean": 0.30816,
        "std": 0.130671,
        "min": 0.0,
        "max": 0.464766,
        "samples": 10
      },
      "tile_similarity": {
        "mean": 0.047711,
        "std": 0.164836,
        "min": -0.175363,
        "max": 0.38652,
        "samples": 10
      },
      "texture_complexity": {
        "mean": 0.275487,
        "std": 0.099547,