{
  "name": "Dracula",
  "tags": [
    "castle",
    "manga"
  ],
  "prompt": "Dracula wallpapers feature a unified set of dark and dramatic scenes predominantly rendered in intricate drawings, featuring castles and skulls, all bathed in a rich and vivid purple palette that evokes a sense of mystery and grandeur.",
  "palette_weights": {
    "Gray": 0.157599,
    "Blue": 0.327349,
    "Yellow": 0.095336,
    "Orange": 0.086506,
    "Black": 0.173785,
    "White": 0.049542,
    "Pink-Magenta": 0.034662,
    "Red": 0.023368,
    "Teal-Cyan": 0.021947,
    "Green": 0.029907
  },
  "style": "drawing",
  "palette": "purple",
  "mood": "dramatic",
  "samples_analysed": 3,
  "regenerated_at": "2026-06-24T08:58:48",
  "regenerated_with": {
    "vision_model": "llava-phi3:3.8b",
    "text_model": "qwen2.5:3b",
    "tag_policies": true
  },
  "heuristic_pattern": {
    "features": {
      "colorfulness": {
        "mean": 0.291272,
        "std": 0.152153,
        "min": 0.086989,
        "max": 0.591983,
        "samples": 10
      },
      "hsv_S_mean": {
        "mean": 151.941605,
        "std": 50.767206,
        "min": 89.551317,
        "max": 239.141005,
        "samples": 10
      },
      "hsv_S_std": {
        "mean": 26.276355,
        "std": 14.631207,
        "min": 5.691556,
        "max": 52.129447,
        "samples": 10
      },
      "hsv_V_mean": {
        "mean": 101.14568,
        "std": 52.601994,
        "min": 43.170107,
        "max": 180.442644,
        "samples": 10
      },
      "hsv_V_std": {
        "mean": 34.8883,
        "std": 14.631691,
        "min": 9.287785,
        "max": 56.750157,
        "samples": 10
      },
      "lab_warm_bias": {
        "mean": 128.674144,
        "std": 7.196984,
        "min": 120.374489,
        "max": 142.794067,
        "samples": 10
      },
      "lab_chroma_mean": {
        "mean": 186.039859,
        "std": 10.358086,
        "min": 172.629135,
        "max": 202.221436,
        "samples": 10
      },
      "sat_low_fraction": {
        "mean": 0.04167,
        "std": 0.073693,
        "min": 0.000846,
        "max": 0.237232,
        "samples": 10
      },
      "sat_high_fraction": {
        "mean": 0.250116,
        "std": 0.406151,
        "min": 0.0,
        "max": 0.927346,
        "samples": 10
      },
      "sat_variance": {
        "mean": 0.013581,
        "std": 0.014474,
        "min": 0.000498,
        "max": 0.041791,
        "samples": 10
      },
      "sat_bimodal": {
        "mean": 0.0,
        "std": 0.0,
        "min": 0.0,
        "max": 0.0,
        "samples": 10
      },
      "edge_density": {
        "mean": 0.019438,
        "std": 0.016575,
        "min": 0.000508,
        "max": 0.056796,
        "samples": 10
      },
      "mean_edge_magnitude": {
        "mean": 83.41777,
        "std": 82.179783,
        "min": 27.112328,
        "max": 309.850372,
        "samples": 10
      },
      "texture_entropy": {
        "mean": 1.991509,
        "std": 0.889969,
        "min": 0.181241,
        "max": 3.566158,
        "samples": 10
      },
      "texture_energy": {
        "mean": 5764.833861,
        "std": 4994.676408,
        "min": 561.541725,
        "max": 13604.984534,
        "samples": 10
      },
      "texture_contrast": {
        "mean": 69.495964,
        "std": 119.88348,
        "min": 5.619155,
        "max": 396.413901,
        "samples": 10
      },
      "silhouette_ratio": {
        "mean": 0.186556,
        "std": 0.125361,
        "min": 0.001094,
        "max": 0.433211,
        "samples": 10
      },
      "hog_energy": {
        "mean": 377.463429,
        "std": 145.831105,
        "min": 57.77676,
        "max": 463.831146,
        "samples": 10
      },
      "high_low_ratio": {
        "mean": 40.771042,
        "std": 6.675219,
        "min": 29.746544,
        "max": 47.015759,
        "samples": 10
      },
      "anime_score": {
        "mean": 0.279549,
        "std": 0.351789,
        "min": 0.0,
        "max": 1.0,
        "samples": 10
      },
      "cyberpunk_score": {
        "mean": 0.102593,
        "std": 0.211881,
        "min": 0.0,
        "max": 0.60019,
        "samples": 10
      },
      "space_score": {
        "mean": 0.16833,
        "std": 0.306033,
        "min": 0.0,
        "max": 0.935284,
        "samples": 10
      },
      "nature_score": {
        "mean": 0.030468,
        "std": 0.09635,
        "min": 0.0,
        "max": 0.304685,
        "samples": 10
      },
      "neon_score": {
        "mean": 0.038381,
        "std": 0.121371,
        "min": 0.0,
        "max": 0.38381,
        "samples": 10
      },
      "pastel_score": {
        "mean": 0.070656,
        "std": 0.090394,
        "min": 0.0,
        "max": 0.289955,
        "samples": 10
      },
      "vw_score": {
        "mean": 0.080265,
        "std": 0.23598,
        "min": 0.0,
        "max": 0.750238,
        "samples": 10
      },
      "sepia_score": {
        "mean": 0.0,
        "std": 0.0,
        "min": 0.0,
        "max": 0.0,
        "samples": 10
      },
      "vintage_score": {
        "mean": 0.0,
        "std": 0.0,
        "min": 0.0,
        "max": 0.0,
        "samples": 10
      },
      "tenengrad": {
        "mean": 2625.784427,
        "std": 4591.163004,
        "min": 227.819672,
        "max": 15487.700195,
        "samples": 10
      },
      "sharpness": {
        "mean": 412.947539,
        "std": 262.498368,
        "min": 128.499847,
        "max": 1096.976318,
        "samples": 10
      },
      "aesthetic": {
        "mean": 0.571524,
        "std": 0.169492,
        "min": 0.297625,
        "max": 0.89505,
        "samples": 10
      },
      "noise_estimate": {
        "mean": 1.779096,
        "std": 4.677899,
        "min": 0.0,
        "max": 14.825797,
        "samples": 10
      },
      "bris_quality_score": {
        "mean": 0.099169,
        "std": 0.245783,
        "min": 0.0,
        "max": 0.782199,
        "samples": 10
      },
      "dct_low_energy": {
        "mean": 0.126768,
        "std": 0.039399,
        "min": 0.075663,
        "max": 0.170333,
        "samples": 10
      },
      "dct_high_energy": {
        "mean": 0.873232,
        "std": 0.039399,
        "min": 0.829667,
        "max": 0.924337,
        "samples": 10
      },
      "centeredness": {
        "mean": 0.690537,
        "std": 0.186525,
        "min": 0.399946,
        "max": 0.957719,
        "samples": 10
      },
      "thirds_score": {
        "mean": 0.031476,
        "std": 0.019737,
        "min": 0.0,
        "max": 0.065232,
        "samples": 10
      },
      "diagonal_strength": {
        "mean": 0.120178,
        "std": 0.026996,
        "min": 0.086132,
        "max": 0.168453,
        "samples": 10
      },
      "depth_score": {
        "mean": 0.303157,
        "std": 0.376351,
        "min": 0.046354,
        "max": 1.0,
        "samples": 10
      },
      "depth_gradient": {
        "mean": 0.320531,
        "std": 0.250571,
        "min": 0.081643,
        "max": 1.0,
        "samples": 10
      },
      "saliency_concentration": {
        "mean": 0.338991,
        "std": 0.148907,
        "min": 0.247106,
        "max": 0.698457,
        "samples": 10
      },
      "subject_area_ratio": {
        "mean": 0.094794,
        "std": 0.065663,
        "min": 0.00065,
        "max": 0.213802,
        "samples": 10
      },
      "fg_bg_contrast": {
        "mean": 152.589605,
        "std": 110.628152,
        "min": 61.765347,
        "max": 375.638611,
        "samples": 10
      },
      "periodicity_score": {
        "mean": 0.245391,
        "std": 0.174738,
        "min": 0.0,
        "max": 0.433869,
        "samples": 10
      },
      "tile_similarity": {
        "mean": 0.051361,
        "std": 0.094888,
        "min": -0.057769,
        "max": 0.165609,
        "samples": 10
      },
      "texture_complexity": {
        "mean": 0.208229,
        "std": 0.090617,