{
  "name": "Anime",
  "tags": [
    "cartoon"
  ],
  "prompt": "Anime wallpapers feature a harmonious blend of cartoon and drawing styles, predominantly utilizing a deep and serene blue palette to evoke a calming and peaceful mood.",
  "palette_weights": {
    "Red": 0.33001,
    "Pink-Magenta": 0.0356,
    "Orange": 0.156459,
    "White": 0.074192,
    "Gray": 0.078832,
    "Blue": 0.148913,
    "Black": 0.113363,
    "Yellow": 0.062632
  },
  "heuristic_pattern": {
    "features": {
      "colorfulness": {
        "mean": 0.277737,
        "std": 0.251987,
        "min": 0.0,
        "max": 0.881426,
        "samples": 10
      },
      "hsv_S_mean": {
        "mean": 80.368847,
        "std": 65.376111,
        "min": 0.0,
        "max": 206.929701,
        "samples": 10
      },
      "hsv_S_std": {
        "mean": 52.878989,
        "std": 26.859355,
        "min": 0.0,
        "max": 85.512235,
        "samples": 10
      },
      "hsv_V_mean": {
        "mean": 179.024326,
        "std": 50.285675,
        "min": 90.895058,
        "max": 236.69802,
        "samples": 10
      },
      "hsv_V_std": {
        "mean": 61.6555,
        "std": 21.773296,
        "min": 36.385817,
        "max": 89.458762,
        "samples": 10
      },
      "lab_warm_bias": {
        "mean": 126.265092,
        "std": 7.981139,
        "min": 110.223099,
        "max": 134.44162,
        "samples": 10
      },
      "lab_chroma_mean": {
        "mean": 179.77551,
        "std": 9.499758,
        "min": 162.760956,
        "max": 190.217972,
        "samples": 10
      },
      "sat_low_fraction": {
        "mean": 0.598001,
        "std": 0.335425,
        "min": 0.071652,
        "max": 1.0,
        "samples": 10
      },
      "sat_high_fraction": {
        "mean": 0.178426,
        "std": 0.2439,
        "min": 0.0,
        "max": 0.743744,
        "samples": 10
      },
      "sat_variance": {
        "mean": 0.052987,
        "std": 0.039426,
        "min": 0.0,
        "max": 0.112454,
        "samples": 10
      },
      "sat_bimodal": {
        "mean": 0.1,
        "std": 0.316228,
        "min": 0.0,
        "max": 1.0,
        "samples": 10
      },
      "edge_density": {
        "mean": 0.079834,
        "std": 0.095321,
        "min": 0.007947,
        "max": 0.303073,
        "samples": 10
      },
      "mean_edge_magnitude": {
        "mean": 189.748086,
        "std": 146.772785,
        "min": 17.142344,
        "max": 448.045166,
        "samples": 10
      },
      "texture_entropy": {
        "mean": 2.840016,
        "std": 1.009998,
        "min": 1.125203,
        "max": 3.758763,
        "samples": 10
      },
      "texture_energy": {
        "mean": 31470.238682,
        "std": 16634.810562,
        "min": 7466.403951,
        "max": 55266.178326,
        "samples": 10
      },
      "texture_contrast": {
        "mean": 700.725935,
        "std": 1285.159071,
        "min": 13.941683,
        "max": 4260.801413,
        "samples": 10
      },
      "silhouette_ratio": {
        "mean": 0.595394,
        "std": 0.2462,
        "min": 0.222579,
        "max": 0.874112,
        "samples": 10
      },
      "hog_energy": {
        "mean": 400.979684,
        "std": 90.690596,
        "min": 224.239258,
        "max": 463.924133,
        "samples": 10
      },
      "high_low_ratio": {
        "mean": 30.955539,
        "std": 4.685711,
        "min": 23.242582,
        "max": 37.548363,
        "samples": 10
      },
      "anime_score": {
        "mean": 0.232702,
        "std": 0.382289,
        "min": 0.0,
        "max": 1.0,
        "samples": 10
      },
      "cyberpunk_score": {
        "mean": 0.064481,
        "std": 0.136845,
        "min": 0.0,
        "max": 0.35577,
        "samples": 10
      },
      "space_score": {
        "mean": 0.080586,
        "std": 0.177304,
        "min": 0.0,
        "max": 0.57208,
        "samples": 10
      },
      "nature_score": {
        "mean": 0.255363,
        "std": 0.358603,
        "min": 0.0,
        "max": 0.895978,
        "samples": 10
      },
      "neon_score": {
        "mean": 0.05755,
        "std": 0.121328,
        "min": 0.0,
        "max": 0.28904,
        "samples": 10
      },
      "pastel_score": {
        "mean": 0.091578,
        "std": 0.136535,
        "min": 0.0,
        "max": 0.449052,
        "samples": 10
      },
      "vw_score": {
        "mean": 0.008664,
        "std": 0.027397,
        "min": 0.0,
        "max": 0.086637,
        "samples": 10
      },
      "sepia_score": {
        "mean": 0.056295,
        "std": 0.123332,
        "min": 0.0,
        "max": 0.38663,
        "samples": 10
      },
      "vintage_score": {
        "mean": 0.070384,
        "std": 0.222574,
        "min": 0.0,
        "max": 0.703841,
        "samples": 10
      },
      "tenengrad": {
        "mean": 25775.666907,
        "std": 45281.737096,
        "min": 609.828369,
        "max": 150525.59375,
        "samples": 10
      },
      "sharpness": {
        "mean": 1995.463635,
        "std": 2511.824003,
        "min": 234.07782,
        "max": 8845.058594,
        "samples": 10
      },
      "aesthetic": {
        "mean": 0.655755,
        "std": 0.100395,
        "min": 0.515355,
        "max": 0.807359,
        "samples": 10
      },
      "noise_estimate": {
        "mean": 9.48851,
        "std": 20.581235,
        "min": 0.0,
        "max": 63.750927,
        "samples": 10
      },
      "bris_quality_score": {
        "mean": 0.321641,
        "std": 0.422778,
        "min": 0.0,
        "max": 1.0,
        "samples": 10
      },
      "dct_low_energy": {
        "mean": 0.139101,
        "std": 0.047514,
        "min": 0.036435,
        "max": 0.199307,
        "samples": 10
      },
      "dct_high_energy": {
        "mean": 0.860899,
        "std": 0.047514,
        "min": 0.800693,
        "max": 0.963565,
        "samples": 10
      },
      "centeredness": {
        "mean": 0.869923,
        "std": 0.112138,
        "min": 0.653293,
        "max": 0.99261,
        "samples": 10
      },
      "thirds_score": {
        "mean": 0.046441,
        "std": 0.027689,
        "min": 0.011221,
        "max": 0.098543,
        "samples": 10
      },
      "diagonal_strength": {
        "mean": 0.136311,
        "std": 0.027516,
        "min": 0.075703,
        "max": 0.16943,
        "samples": 10
      },
      "depth_score": {
        "mean": 0.710306,
        "std": 0.399698,
        "min": 0.077141,
        "max": 1.0,
        "samples": 10
      },
      "depth_gradient": {
        "mean": 0.24191,
        "std": 0.180264,
        "min": 0.019572,
        "max": 0.650957,
        "samples": 10
      },
      "saliency_concentration": {
        "mean": 0.256351,
        "std": 0.076655,
        "min": 0.139206,
        "max": 0.403939,
        "samples": 10
      },
      "subject_area_ratio": {
        "mean": 0.492295,
        "std": 0.333963,
        "min": 0.049625,
        "max": 0.997556,
        "samples": 10
      },
      "fg_bg_contrast": {
        "mean": 237.739139,
        "std": 66.530819,
        "min": 128.869415,
        "max": 343.456146,
        "samples": 10
      },
      "periodicity_score": {
        "mean": 0.135813,
        "std": 0.191553,
        "min": 0.0,
        "max": 0.51666,
        "samples": 10
      },
      "tile_similarity": {
        "mean": 0.018297,
        "std": 0.118199,
        "min": -0.213474,
        "max": 0.229124,
        "samples": 10
      },
      "texture_complexity": {
        "mean": 0.495257,
        "std": 0.250195,
        "min": 0.209083,
        "max": 1.0,
        "samples": 10
      },
      "gradient_complexity": {
        "mean": 0.940522,
        "std": 0.188087,
        "min": 0.405217,
        "max": 1.0,
        "samples": 10
      },
      "local_variance": {
        "mean": 1023.268019,
        "std": 1417.673591,
        "min": 47.635471,
        "max": 4837.883789,