{
  "name": "Anime",
  "tags": [
    "cartoon"
  ],
  "prompt": "Anime wallpapers feature a harmonious blend of cartoon and drawing styles, predominantly utilizing a deep and serene blue palette to evoke a calming and peaceful mood.",
  "palette_weights": {
    "Red": 0.33001,
    "Pink-Magenta": 0.0356,
    "Orange": 0.156459,
    "White": 0.074192,
    "Gray": 0.078832,
    "Blue": 0.148913,
    "Black": 0.113363,
    "Yellow": 0.062632
  },
  "heuristic_pattern": {
    "features": {
      "colorfulness": {
        "mean": 0.304951,
        "std": 0.238752,
        "min": 0.003388,
        "max": 0.839448,
        "samples": 15
      },
      "hsv_S_mean": {
        "mean": 84.726611,
        "std": 61.748515,
        "min": 0.945061,
        "max": 176.565497,
        "samples": 15
      },
      "hsv_S_std": {
        "mean": 45.422652,
        "std": 27.828662,
        "min": 10.245937,
        "max": 106.436096,
        "samples": 15
      },
      "hsv_V_mean": {
        "mean": 147.16373,
        "std": 70.77566,
        "min": 18.835654,
        "max": 246.061135,
        "samples": 15
      },
      "hsv_V_std": {
        "mean": 55.925825,
        "std": 28.02933,
        "min": 11.302563,
        "max": 125.87281,
        "samples": 15
      },
      "lab_warm_bias": {
        "mean": 131.204902,
        "std": 12.721637,
        "min": 114.58725,
        "max": 168.786255,
        "samples": 15
      },
      "lab_chroma_mean": {
        "mean": 186.097251,
        "std": 17.920423,
        "min": 162.376389,
        "max": 238.828293,
        "samples": 15
      },
      "sat_low_fraction": {
        "mean": 0.58024,
        "std": 0.38083,
        "min": 0.064021,
        "max": 1.0,
        "samples": 15
      },
      "sat_high_fraction": {
        "mean": 0.138169,
        "std": 0.224433,
        "min": 0.0,
        "max": 0.761751,
        "samples": 15
      },
      "sat_variance": {
        "mean": 0.042845,
        "std": 0.049292,
        "min": 0.001614,
        "max": 0.17422,
        "samples": 15
      },
      "sat_bimodal": {
        "mean": 0.2,
        "std": 0.414039,
        "min": 0.0,
        "max": 1.0,
        "samples": 15
      },
      "edge_density": {
        "mean": 1.0,
        "std": 0.0,
        "min": 1.0,
        "max": 1.0,
        "samples": 15
      },
      "texture_entropy": {
        "mean": 2.080962,
        "std": 1.164557,
        "min": 0.42541,
        "max": 3.695592,
        "samples": 15
      },
      "texture_energy": {
        "mean": 22987.181895,
        "std": 18573.830356,
        "min": 489.174907,
        "max": 52198.384511,
        "samples": 15
      },
      "texture_contrast": {
        "mean": 322.618417,
        "std": 535.280074,
        "min": 5.371135,
        "max": 2064.46175,
        "samples": 15
      },
      "silhouette_ratio": {
        "mean": 0.585062,
        "std": 0.224474,
        "min": 0.188084,
        "max": 0.882846,
        "samples": 15
      },
      "hog_energy": {
        "mean": 127.704906,
        "std": 145.418292,
        "min": 1.667454,
        "max": 437.422997,
        "samples": 15
      },
      "high_low_ratio": {
        "mean": 33.46649,
        "std": 7.801068,
        "min": 17.295624,
        "max": 52.796524,
        "samples": 15
      },
      "anime_score": {
        "mean": 0.208751,
        "std": 0.380089,
        "min": 0.0,
        "max": 1.0,
        "samples": 15
      },
      "cyberpunk_score": {
        "mean": 0.083338,
        "std": 0.227034,
        "min": 0.0,
        "max": 0.875728,
        "samples": 15
      },
      "space_score": {
        "mean": 0.202472,
        "std": 0.272423,
        "min": 0.0,
        "max": 1.0,
        "samples": 15
      },
      "nature_score": {
        "mean": 0.318706,
        "std": 0.327365,
        "min": 0.0,
        "max": 0.81708,
        "samples": 15
      },
      "neon_score": {
        "mean": 0.062407,
        "std": 0.198083,
        "min": 0.0,
        "max": 0.759248,
        "samples": 15
      },
      "pastel_score": {
        "mean": 0.0731,
        "std": 0.077786,
        "min": 0.0,
        "max": 0.210487,
        "samples": 15
      },
      "vw_score": {
        "mean": 0.016457,
        "std": 0.052849,
        "min": 0.0,
        "max": 0.2031,
        "samples": 15
      },
      "sepia_score": {
        "mean": 0.032009,
        "std": 0.065628,
        "min": 0.0,
        "max": 0.229469,
        "samples": 15
      },
      "vintage_score": {
        "mean": 0.02688,
        "std": 0.044355,
        "min": 0.0,
        "max": 0.118584,
        "samples": 15
      },
      "tenengrad": {
        "mean": 0.0,
        "std": 0.0,
        "min": 0.0,
        "max": 0.0,
        "samples": 15
      },
      "sharpness": {
        "mean": 1084.514019,
        "std": 863.114478,
        "min": 126.166954,
        "max": 3651.052002,
        "samples": 15
      },
      "aesthetic": {
        "mean": 0.625753,
        "std": 0.146057,
        "min": 0.315297,
        "max": 0.859465,
        "samples": 15
      },
      "noise_estimate": {
        "mean": 0.0,
        "std": 0.0,
        "min": 0.0,
        "max": 0.0,
        "samples": 15
      },
      "bris_quality_score": {
        "mean": 0.275998,
        "std": 0.328348,
        "min": 0.0,
        "max": 1.0,
        "samples": 15
      },
      "dct_low_energy": {
        "mean": 0.0,
        "std": 0.0,
        "min": 0.0,
        "max": 0.0,
        "samples": 15
      },
      "dct_high_energy": {
        "mean": 0.0,
        "std": 0.0,
        "min": 0.0,
        "max": 0.0,
        "samples": 15
      },
      "centeredness": {
        "mean": 0.5,
        "std": 0.0,
        "min": 0.5,
        "max": 0.5,
        "samples": 15
      },
      "thirds_score": {
        "mean": 0.0,
        "std": 0.0,
        "min": 0.0,
        "max": 0.0,
        "samples": 15
      },
      "diagonal_strength": {
        "mean": 0.0,
        "std": 0.0,
        "min": 0.0,
        "max": 0.0,
        "samples": 15
      },
      "depth_score": {
        "mean": 0.5,
        "std": 0.0,
        "min": 0.5,
        "max": 0.5,
        "samples": 15
      },
      "depth_gradient": {
        "mean": 0.0,
        "std": 0.0,
        "min": 0.0,
        "max": 0.0,
        "samples": 15
      },
      "saliency_concentration": {
        "mean": 0.5,
        "std": 0.0,
        "min": 0.5,
        "max": 0.5,
        "samples": 15
      },
      "subject_area_ratio": {
        "mean": 0.5,
        "std": 0.0,
        "min": 0.5,
        "max": 0.5,
        "samples": 15
      },
      "fg_bg_contrast": {
        "mean": 0.0,
        "std": 0.0,
        "min": 0.0,
        "max": 0.0,
        "samples": 15
      },
      "periodicity_score": {
        "mean": 0.0,
        "std": 0.0,
        "min": 0.0,
        "max": 0.0,
        "samples": 15
      },
      "tile_similarity": {
        "mean": 0.0,
        "std": 0.0,
        "min": 0.0,
        "max": 0.0,
        "samples": 15
      },
      "texture_complexity": {
        "mean": 0.5,
        "std": 0.0,
        "min": 0.5,
        "max": 0.5,
        "samples": 15
      },
      "gradient_complexity": {
        "mean": 0.5,
        "std": 0.0,
        "min": 0.5,
        "max": 0.5,
        "samples": 15
      },
      "local_variance": {
        "mean": 0.0,
        "std": 0.0,
        "min": 0.0,
        "max": 0.0,
        "samples": 15
      },
      "h_symmetry": {
        "mean": 0.373326,
        "std": 0.22562,
        "min": 0.006704,
        "max": 0.73553,
        "samples": 15
      },
      "v_symmetry": {
        "mean": 0.2847,
        "std": 0.189122,
        "min": 0.0,
        "max": 0.591031,
        "samples": 15
      },
      "point_symmetry": {
        "mean": 0.164222,
        "std": 0.192493,
        "min": 0.0,
        "max": 0.578333,
        "samples": 15
      },