{
  "name": "Anime",
  "tags": [
    "cartoon"
  ],
  "prompt": "Anime wallpapers feature a harmonious blend of cartoon and drawing styles, predominantly utilizing a deep and serene blue palette to evoke a calming and peaceful mood.",
  "palette_weights": {
    "Red": 0.33001,
    "Pink-Magenta": 0.0356,
    "Orange": 0.156459,
    "White": 0.074192,
    "Gray": 0.078832,
    "Blue": 0.148913,
    "Black": 0.113363,
    "Yellow": 0.062632
  },
  "heuristic_pattern": {
    "features": {
      "colorfulness": {
        "mean": 0.384946,
        "std": 0.166498,
        "min": 0.053143,
        "max": 0.570809,
        "samples": 10
      },
      "hsv_S_mean": {
        "mean": 104.674123,
        "std": 63.425988,
        "min": 8.739229,
        "max": 206.929701,
        "samples": 10
      },
      "hsv_S_std": {
        "mean": 51.822343,
        "std": 23.118885,
        "min": 18.078764,
        "max": 89.519672,
        "samples": 10
      },
      "hsv_V_mean": {
        "mean": 185.972743,
        "std": 49.964033,
        "min": 86.99408,
        "max": 234.608504,
        "samples": 10
      },
      "hsv_V_std": {
        "mean": 57.801048,
        "std": 19.496139,
        "min": 39.432222,
        "max": 104.050493,
        "samples": 10
      },
      "lab_warm_bias": {
        "mean": 129.657299,
        "std": 12.152575,
        "min": 110.728912,
        "max": 148.865295,
        "samples": 10
      },
      "lab_chroma_mean": {
        "mean": 184.239503,
        "std": 16.948639,
        "min": 157.436111,
        "max": 211.006042,
        "samples": 10
      },
      "sat_low_fraction": {
        "mean": 0.427102,
        "std": 0.356614,
        "min": 0.008654,
        "max": 0.987262,
        "samples": 10
      },
      "sat_high_fraction": {
        "mean": 0.227426,
        "std": 0.273731,
        "min": 0.001686,
        "max": 0.743744,
        "samples": 10
      },
      "sat_variance": {
        "mean": 0.048698,
        "std": 0.042061,
        "min": 0.005026,
        "max": 0.123241,
        "samples": 10
      },
      "sat_bimodal": {
        "mean": 0.1,
        "std": 0.316228,
        "min": 0.0,
        "max": 1.0,
        "samples": 10
      },
      "edge_density": {
        "mean": 0.025938,
        "std": 0.011511,
        "min": 0.005215,
        "max": 0.044666,
        "samples": 10
      },
      "mean_edge_magnitude": {
        "mean": 147.312302,
        "std": 119.151639,
        "min": 26.159777,
        "max": 390.486267,
        "samples": 10
      },
      "texture_entropy": {
        "mean": 2.783842,
        "std": 0.856644,
        "min": 1.125203,
        "max": 3.94019,
        "samples": 10
      },
      "texture_energy": {
        "mean": 29345.47184,
        "std": 16349.812814,
        "min": 5723.36,
        "max": 53402.940659,
        "samples": 10
      },
      "texture_contrast": {
        "mean": 188.157313,
        "std": 155.457004,
        "min": 22.463252,
        "max": 429.755877,
        "samples": 10
      },
      "silhouette_ratio": {
        "mean": 0.547737,
        "std": 0.307088,
        "min": 0.14029,
        "max": 0.915651,
        "samples": 10
      },
      "hog_energy": {
        "mean": 426.872836,
        "std": 68.398566,
        "min": 250.586945,
        "max": 463.794495,
        "samples": 10
      },
      "high_low_ratio": {
        "mean": 28.429984,
        "std": 7.282136,
        "min": 18.520876,
        "max": 43.134857,
        "samples": 10
      },
      "anime_score": {
        "mean": 0.273332,
        "std": 0.361653,
        "min": 0.0,
        "max": 1.0,
        "samples": 10
      },
      "cyberpunk_score": {
        "mean": 0.08849,
        "std": 0.135559,
        "min": 0.0,
        "max": 0.35577,
        "samples": 10
      },
      "space_score": {
        "mean": 0.051773,
        "std": 0.117296,
        "min": 0.0,
        "max": 0.371745,
        "samples": 10
      },
      "nature_score": {
        "mean": 0.321794,
        "std": 0.239893,
        "min": 0.0,
        "max": 0.658352,
        "samples": 10
      },
      "neon_score": {
        "mean": 0.053429,
        "std": 0.099238,
        "min": 0.0,
        "max": 0.28646,
        "samples": 10
      },
      "pastel_score": {
        "mean": 0.109197,
        "std": 0.115692,
        "min": 0.0,
        "max": 0.351702,
        "samples": 10
      },
      "vw_score": {
        "mean": 0.043827,
        "std": 0.084426,
        "min": 0.0,
        "max": 0.261814,
        "samples": 10
      },
      "sepia_score": {
        "mean": 0.004729,
        "std": 0.014955,
        "min": 0.0,
        "max": 0.04729,
        "samples": 10
      },
      "vintage_score": {
        "mean": 0.001273,
        "std": 0.004026,
        "min": 0.0,
        "max": 0.01273,
        "samples": 10
      },
      "tenengrad": {
        "mean": 8681.891516,
        "std": 6657.231216,
        "min": 1135.709473,
        "max": 20438.138672,
        "samples": 10
      },
      "sharpness": {
        "mean": 1120.004974,
        "std": 548.938386,
        "min": 243.631744,
        "max": 1818.161377,
        "samples": 10
      },
      "aesthetic": {
        "mean": 0.698594,
        "std": 0.20436,
        "min": 0.278575,
        "max": 0.981041,
        "samples": 10
      },
      "noise_estimate": {
        "mean": 0.74129,
        "std": 1.601369,
        "min": 0.0,
        "max": 4.447739,
        "samples": 10
      },
      "bris_quality_score": {
        "mean": 0.106811,
        "std": 0.191552,
        "min": 0.0,
        "max": 0.583985,
        "samples": 10
      },
      "dct_low_energy": {
        "mean": 0.151111,
        "std": 0.049438,
        "min": 0.113353,
        "max": 0.270856,
        "samples": 10
      },
      "dct_high_energy": {
        "mean": 0.848889,
        "std": 0.049438,
        "min": 0.729144,
        "max": 0.886647,
        "samples": 10
      },
      "centeredness": {
        "mean": 0.833571,
        "std": 0.114538,
        "min": 0.587624,
        "max": 0.971615,
        "samples": 10
      },
      "thirds_score": {
        "mean": 0.053699,
        "std": 0.02298,
        "min": 0.011221,
        "max": 0.088023,
        "samples": 10
      },
      "diagonal_strength": {
        "mean": 0.126576,
        "std": 0.033496,
        "min": 0.074035,
        "max": 0.168251,
        "samples": 10
      },
      "depth_score": {
        "mean": 0.63973,
        "std": 0.409667,
        "min": 0.079964,
        "max": 1.0,
        "samples": 10
      },
      "depth_gradient": {
        "mean": 0.160216,
        "std": 0.091554,
        "min": 0.043872,
        "max": 0.319406,
        "samples": 10
      },
      "saliency_concentration": {
        "mean": 0.26828,
        "std": 0.080395,
        "min": 0.149581,
        "max": 0.403939,
        "samples": 10
      },
      "subject_area_ratio": {
        "mean": 0.329297,
        "std": 0.317492,
        "min": 0.049625,
        "max": 0.932776,
        "samples": 10
      },
      "fg_bg_contrast": {
        "mean": 224.400508,
        "std": 46.114721,
        "min": 153.796539,
        "max": 291.087769,
        "samples": 10
      },
      "periodicity_score": {
        "mean": 0.109253,
        "std": 0.146315,
        "min": 0.0,
        "max": 0.361401,
        "samples": 10
      },
      "tile_similarity": {
        "mean": -0.056574,
        "std": 0.084353,
        "min": -0.213474,
        "max": 0.060007,
        "samples": 10
      },
      "texture_complexity": {
        "mean": 0.399558,
        "std": 0.085826,
        "min": 0.26254,
        "max": 0.518179,
        "samples": 10
      },
      "gradient_complexity": {
        "mean": 0.981407,
        "std": 0.04906,
        "min": 0.844448,
        "max": 1.0,
        "samples": 10
      },
      "local_variance": {
        "mean": 493.561973,
        "std": 317.615247,
        "min": 70.873268,