{
  "name": "Anime",
  "tags": [
    "cartoon"
  ],
  "prompt": "Anime wallpapers feature a harmonious blend of cartoon and drawing styles, predominantly utilizing a deep and serene blue palette to evoke a calming and peaceful mood.",
  "palette_weights": {
    "Red": 0.33001,
    "Pink-Magenta": 0.0356,
    "Orange": 0.156459,
    "White": 0.074192,
    "Gray": 0.078832,
    "Blue": 0.148913,
    "Black": 0.113363,
    "Yellow": 0.062632
  },
  "heuristic_pattern": {
    "features": {
      "colorfulness": {
        "mean": 0.21402,
        "std": 0.12313,
        "min": 0.05575,
        "max": 0.49868,
        "samples": 10
      },
      "hsv_S_mean": {
        "mean": 67.133239,
        "std": 63.46947,
        "min": 24.522523,
        "max": 191.356731,
        "samples": 10
      },
      "hsv_S_std": {
        "mean": 47.133919,
        "std": 14.380399,
        "min": 20.910614,
        "max": 72.425657,
        "samples": 10
      },
      "hsv_V_mean": {
        "mean": 166.514769,
        "std": 54.891232,
        "min": 84.935182,
        "max": 230.990345,
        "samples": 10
      },
      "hsv_V_std": {
        "mean": 64.202451,
        "std": 16.24051,
        "min": 41.817007,
        "max": 85.400114,
        "samples": 10
      },
      "lab_warm_bias": {
        "mean": 127.218214,
        "std": 5.708317,
        "min": 117.548103,
        "max": 134.44162,
        "samples": 10
      },
      "lab_chroma_mean": {
        "mean": 180.363081,
        "std": 7.658312,
        "min": 167.165329,
        "max": 190.217972,
        "samples": 10
      },
      "sat_low_fraction": {
        "mean": 0.659057,
        "std": 0.327572,
        "min": 0.008654,
        "max": 0.957966,
        "samples": 10
      },
      "sat_high_fraction": {
        "mean": 0.141194,
        "std": 0.256188,
        "min": 0.0,
        "max": 0.635515,
        "samples": 10
      },
      "sat_variance": {
        "mean": 0.037028,
        "std": 0.021019,
        "min": 0.006724,
        "max": 0.080669,
        "samples": 10
      },
      "sat_bimodal": {
        "mean": 0.0,
        "std": 0.0,
        "min": 0.0,
        "max": 0.0,
        "samples": 10
      },
      "edge_density": {
        "mean": 0.041546,
        "std": 0.036801,
        "min": 0.008535,
        "max": 0.118764,
        "samples": 10
      },
      "mean_edge_magnitude": {
        "mean": 120.240878,
        "std": 65.974857,
        "min": 22.380325,
        "max": 251.652664,
        "samples": 10
      },
      "texture_entropy": {
        "mean": 2.740428,
        "std": 1.018639,
        "min": 1.125203,
        "max": 3.975383,
        "samples": 10
      },
      "texture_energy": {
        "mean": 29628.976283,
        "std": 16961.337587,
        "min": 5723.36,
        "max": 53520.462222,
        "samples": 10
      },
      "texture_contrast": {
        "mean": 196.808696,
        "std": 150.245748,
        "min": 10.622928,
        "max": 486.18373,
        "samples": 10
      },
      "silhouette_ratio": {
        "mean": 0.547409,
        "std": 0.268867,
        "min": 0.155884,
        "max": 0.874112,
        "samples": 10
      },
      "hog_energy": {
        "mean": 397.74162,
        "std": 101.436334,
        "min": 187.816681,
        "max": 463.833221,
        "samples": 10
      },
      "high_low_ratio": {
        "mean": 32.286646,
        "std": 4.159692,
        "min": 24.071102,
        "max": 38.043545,
        "samples": 10
      },
      "anime_score": {
        "mean": 0.08274,
        "std": 0.135788,
        "min": 0.0,
        "max": 0.409466,
        "samples": 10
      },
      "cyberpunk_score": {
        "mean": 0.02991,
        "std": 0.073781,
        "min": 0.0,
        "max": 0.230816,
        "samples": 10
      },
      "space_score": {
        "mean": 0.129154,
        "std": 0.227477,
        "min": 0.0,
        "max": 0.72608,
        "samples": 10
      },
      "nature_score": {
        "mean": 0.114998,
        "std": 0.12309,
        "min": 0.0,
        "max": 0.324,
        "samples": 10
      },
      "neon_score": {
        "mean": 0.017702,
        "std": 0.05598,
        "min": 0.0,
        "max": 0.177023,
        "samples": 10
      },
      "pastel_score": {
        "mean": 0.097973,
        "std": 0.076339,
        "min": 0.0,
        "max": 0.245138,
        "samples": 10
      },
      "vw_score": {
        "mean": 0.008535,
        "std": 0.026991,
        "min": 0.0,
        "max": 0.085352,
        "samples": 10
      },
      "sepia_score": {
        "mean": 0.011833,
        "std": 0.025007,
        "min": 0.0,
        "max": 0.06287,
        "samples": 10
      },
      "vintage_score": {
        "mean": 0.000788,
        "std": 0.002492,
        "min": 0.0,
        "max": 0.00788,
        "samples": 10
      },
      "tenengrad": {
        "mean": 8483.220502,
        "std": 5530.11291,
        "min": 565.244568,
        "max": 16514.503906,
        "samples": 10
      },
      "sharpness": {
        "mean": 1090.199837,
        "std": 566.35948,
        "min": 204.654709,
        "max": 2106.936279,
        "samples": 10
      },
      "aesthetic": {
        "mean": 0.642474,
        "std": 0.189236,
        "min": 0.278575,
        "max": 0.903409,
        "samples": 10
      },
      "noise_estimate": {
        "mean": 2.372128,
        "std": 2.539211,
        "min": 0.0,
        "max": 7.412899,
        "samples": 10
      },
      "bris_quality_score": {
        "mean": 0.202728,
        "std": 0.266318,
        "min": 0.0,
        "max": 0.638213,
        "samples": 10
      },
      "dct_low_energy": {
        "mean": 0.175478,
        "std": 0.070456,
        "min": 0.095025,
        "max": 0.319143,
        "samples": 10
      },
      "dct_high_energy": {
        "mean": 0.824522,
        "std": 0.070456,
        "min": 0.680857,
        "max": 0.904975,
        "samples": 10
      },
      "centeredness": {
        "mean": 0.836644,
        "std": 0.153253,
        "min": 0.527198,
        "max": 0.99653,
        "samples": 10
      },
      "thirds_score": {
        "mean": 0.036012,
        "std": 0.020667,
        "min": 0.005462,
        "max": 0.068658,
        "samples": 10
      },
      "diagonal_strength": {
        "mean": 0.127703,
        "std": 0.024815,
        "min": 0.075703,
        "max": 0.15569,
        "samples": 10
      },
      "depth_score": {
        "mean": 0.695412,
        "std": 0.357763,
        "min": 0.023583,
        "max": 1.0,
        "samples": 10
      },
      "depth_gradient": {
        "mean": 0.230745,
        "std": 0.129479,
        "min": 0.086887,
        "max": 0.504619,
        "samples": 10
      },
      "saliency_concentration": {
        "mean": 0.265496,
        "std": 0.088589,
        "min": 0.14481,
        "max": 0.403939,
        "samples": 10
      },
      "subject_area_ratio": {
        "mean": 0.45197,
        "std": 0.298006,
        "min": 0.065261,
        "max": 0.998915,
        "samples": 10
      },
      "fg_bg_contrast": {
        "mean": 234.453773,
        "std": 67.414795,
        "min": 132.489182,
        "max": 357.299652,
        "samples": 10
      },
      "periodicity_score": {
        "mean": 0.147691,
        "std": 0.163067,
        "min": 0.0,
        "max": 0.370799,
        "samples": 10
      },
      "tile_similarity": {
        "mean": -0.015816,
        "std": 0.094843,
        "min": -0.184208,
        "max": 0.122844,
        "samples": 10
      },
      "texture_complexity": {
        "mean": 0.391966,
        "std": 0.131624,
        "min": 0.234111,
        "max": 0.602619,
        "samples": 10
      },
      "gradient_complexity": {
        "mean": 0.919743,
        "std": 0.24331,
        "min": 0.227805,
        "max": 1.0,
        "samples": 10
      },
      "local_variance": {
        "mean": 458.820457,
        "std": 254.73064,
        "min": 80.082245,
        "max": 789.374084,