{
  "name": "Anime",
  "tags": [
    "cartoon"
  ],
  "prompt": "Anime wallpapers feature a harmonious blend of cartoon and drawing styles, predominantly utilizing a deep and serene blue palette to evoke a calming and peaceful mood.",
  "palette_weights": {
    "Red": 0.33001,
    "Pink-Magenta": 0.0356,
    "Orange": 0.156459,
    "White": 0.074192,
    "Gray": 0.078832,
    "Blue": 0.148913,
    "Black": 0.113363,
    "Yellow": 0.062632
  },
  "heuristic_pattern": {
    "features": {
      "colorfulness": {
        "mean": 0.313582,
        "std": 0.15874,
        "min": 0.060104,
        "max": 0.520814,
        "samples": 10
      },
      "hsv_S_mean": {
        "mean": 88.193436,
        "std": 53.406453,
        "min": 3.403472,
        "max": 173.038573,
        "samples": 10
      },
      "hsv_S_std": {
        "mean": 47.779073,
        "std": 17.190979,
        "min": 12.860674,
        "max": 76.934869,
        "samples": 10
      },
      "hsv_V_mean": {
        "mean": 134.23555,
        "std": 51.770402,
        "min": 16.690104,
        "max": 199.4603,
        "samples": 10
      },
      "hsv_V_std": {
        "mean": 68.923388,
        "std": 11.915663,
        "min": 48.235366,
        "max": 92.057304,
        "samples": 10
      },
      "lab_warm_bias": {
        "mean": 132.661243,
        "std": 7.000947,
        "min": 120.420486,
        "max": 142.800446,
        "samples": 10
      },
      "lab_chroma_mean": {
        "mean": 188.754778,
        "std": 9.741242,
        "min": 172.248062,
        "max": 202.727997,
        "samples": 10
      },
      "sat_low_fraction": {
        "mean": 0.48564,
        "std": 0.345261,
        "min": 0.030578,
        "max": 1.0,
        "samples": 10
      },
      "sat_high_fraction": {
        "mean": 0.114928,
        "std": 0.15832,
        "min": 0.0,
        "max": 0.444068,
        "samples": 10
      },
      "sat_variance": {
        "mean": 0.039197,
        "std": 0.024406,
        "min": 0.002544,
        "max": 0.091026,
        "samples": 10
      },
      "sat_bimodal": {
        "mean": 0.1,
        "std": 0.316228,
        "min": 0.0,
        "max": 1.0,
        "samples": 10
      },
      "edge_density": {
        "mean": 0.064899,
        "std": 0.051322,
        "min": 0.008327,
        "max": 0.176,
        "samples": 10
      },
      "mean_edge_magnitude": {
        "mean": 214.010871,
        "std": 261.739253,
        "min": 21.794283,
        "max": 915.324402,
        "samples": 10
      },
      "texture_entropy": {
        "mean": 3.118621,
        "std": 1.243154,
        "min": 0.241711,
        "max": 3.947645,
        "samples": 10
      },
      "texture_energy": {
        "mean": 16614.568356,
        "std": 9315.380532,
        "min": 3928.719722,
        "max": 33165.057915,
        "samples": 10
      },
      "texture_contrast": {
        "mean": 432.425257,
        "std": 631.69858,
        "min": 18.13539,
        "max": 2064.46175,
        "samples": 10
      },
      "silhouette_ratio": {
        "mean": 0.386953,
        "std": 0.21375,
        "min": 0.065451,
        "max": 0.663795,
        "samples": 10
      },
      "hog_energy": {
        "mean": 417.10723,
        "std": 100.014508,
        "min": 187.816681,
        "max": 463.818237,
        "samples": 10
      },
      "high_low_ratio": {
        "mean": 30.600705,
        "std": 9.905193,
        "min": 17.295624,
        "max": 50.917034,
        "samples": 10
      },
      "anime_score": {
        "mean": 0.110952,
        "std": 0.15054,
        "min": 0.0,
        "max": 0.42969,
        "samples": 10
      },
      "cyberpunk_score": {
        "mean": 0.039804,
        "std": 0.060458,
        "min": 0.0,
        "max": 0.16248,
        "samples": 10
      },
      "space_score": {
        "mean": 0.188208,
        "std": 0.308801,
        "min": 0.0,
        "max": 1.0,
        "samples": 10
      },
      "nature_score": {
        "mean": 0.186077,
        "std": 0.261685,
        "min": 0.0,
        "max": 0.6863,
        "samples": 10
      },
      "neon_score": {
        "mean": 0.010735,
        "std": 0.033946,
        "min": 0.0,
        "max": 0.107345,
        "samples": 10
      },
      "pastel_score": {
        "mean": 0.095652,
        "std": 0.094799,
        "min": 0.0,
        "max": 0.314,
        "samples": 10
      },
      "vw_score": {
        "mean": 0.033696,
        "std": 0.065841,
        "min": 0.0,
        "max": 0.2031,
        "samples": 10
      },
      "sepia_score": {
        "mean": 0.040118,
        "std": 0.066609,
        "min": 0.0,
        "max": 0.161089,
        "samples": 10
      },
      "vintage_score": {
        "mean": 0.005739,
        "std": 0.010358,
        "min": 0.0,
        "max": 0.026637,
        "samples": 10
      },
      "tenengrad": {
        "mean": 17390.818152,
        "std": 21062.8259,
        "min": 983.365112,
        "max": 68900.414062,
        "samples": 10
      },
      "sharpness": {
        "mean": 1894.434271,
        "std": 1432.059896,
        "min": 514.533142,
        "max": 5149.509766,
        "samples": 10
      },
      "aesthetic": {
        "mean": 0.729146,
        "std": 0.123429,
        "min": 0.580944,
        "max": 0.943722,
        "samples": 10
      },
      "noise_estimate": {
        "mean": 2.816901,
        "std": 2.563144,
        "min": 0.0,
        "max": 7.412899,
        "samples": 10
      },
      "bris_quality_score": {
        "mean": 0.485197,
        "std": 0.318343,
        "min": 0.0,
        "max": 1.0,
        "samples": 10
      },
      "dct_low_energy": {
        "mean": 0.150818,
        "std": 0.103722,
        "min": 0.051347,
        "max": 0.413738,
        "samples": 10
      },
      "dct_high_energy": {
        "mean": 0.849182,
        "std": 0.103722,
        "min": 0.586262,
        "max": 0.948653,
        "samples": 10
      },
      "centeredness": {
        "mean": 0.812276,
        "std": 0.148884,
        "min": 0.527198,
        "max": 0.94545,
        "samples": 10
      },
      "thirds_score": {
        "mean": 0.036863,
        "std": 0.008283,
        "min": 0.019543,
        "max": 0.046283,
        "samples": 10
      },
      "diagonal_strength": {
        "mean": 0.123921,
        "std": 0.03334,
        "min": 0.053516,
        "max": 0.162147,
        "samples": 10
      },
      "depth_score": {
        "mean": 0.719321,
        "std": 0.326766,
        "min": 0.056723,
        "max": 1.0,
        "samples": 10
      },
      "depth_gradient": {
        "mean": 0.189178,
        "std": 0.128583,
        "min": 0.079976,
        "max": 0.504619,
        "samples": 10
      },
      "saliency_concentration": {
        "mean": 0.238067,
        "std": 0.113153,
        "min": 0.146984,
        "max": 0.517994,
        "samples": 10
      },
      "subject_area_ratio": {
        "mean": 0.178632,
        "std": 0.179312,
        "min": 0.016594,
        "max": 0.5534,
        "samples": 10
      },
      "fg_bg_contrast": {
        "mean": 217.798363,
        "std": 75.561123,
        "min": 132.489182,
        "max": 410.337433,
        "samples": 10
      },
      "periodicity_score": {
        "mean": 0.242556,
        "std": 0.199442,
        "min": 0.0,
        "max": 0.615504,
        "samples": 10
      },
      "tile_similarity": {
        "mean": -0.01581,
        "std": 0.075075,
        "min": -0.151151,
        "max": 0.090298,
        "samples": 10
      },
      "texture_complexity": {
        "mean": 0.529532,
        "std": 0.240234,
        "min": 0.234111,
        "max": 1.0,
        "samples": 10
      },
      "gradient_complexity": {
        "mean": 0.960634,
        "std": 0.124487,
        "min": 0.606339,
        "max": 1.0,
        "samples": 10
      },
      "local_variance": {
        "mean": 870.700546,
        "std": 911.029141,
        "min": 105.981773,
        "max": 2955.326904,