{
  "name": "Anime",
  "tags": [
    "cartoon"
  ],
  "prompt": "Anime wallpapers feature a harmonious blend of cartoon and drawing styles, predominantly utilizing a deep and serene blue palette to evoke a calming and peaceful mood.",
  "palette_weights": {
    "Red": 0.33001,
    "Pink-Magenta": 0.0356,
    "Orange": 0.156459,
    "White": 0.074192,
    "Gray": 0.078832,
    "Blue": 0.148913,
    "Black": 0.113363,
    "Yellow": 0.062632
  },
  "heuristic_pattern": {
    "features": {
      "colorfulness": {
        "mean": 0.329817,
        "std": 0.302145,
        "min": 0.039166,
        "max": 1.058588,
        "samples": 10
      },
      "hsv_S_mean": {
        "mean": 102.849191,
        "std": 58.201481,
        "min": 18.741154,
        "max": 194.131992,
        "samples": 10
      },
      "hsv_S_std": {
        "mean": 51.554482,
        "std": 22.102102,
        "min": 20.584823,
        "max": 90.345722,
        "samples": 10
      },
      "hsv_V_mean": {
        "mean": 117.903527,
        "std": 56.618997,
        "min": 51.936978,
        "max": 197.999744,
        "samples": 10
      },
      "hsv_V_std": {
        "mean": 57.052651,
        "std": 13.758746,
        "min": 30.036462,
        "max": 82.103982,
        "samples": 10
      },
      "lab_warm_bias": {
        "mean": 137.396111,
        "std": 15.618459,
        "min": 122.897934,
        "max": 177.109253,
        "samples": 10
      },
      "lab_chroma_mean": {
        "mean": 194.74651,
        "std": 22.251202,
        "min": 174.179321,
        "max": 251.062622,
        "samples": 10
      },
      "sat_low_fraction": {
        "mean": 0.445786,
        "std": 0.326611,
        "min": 0.050886,
        "max": 0.969065,
        "samples": 10
      },
      "sat_high_fraction": {
        "mean": 0.202879,
        "std": 0.288418,
        "min": 0.000649,
        "max": 0.812553,
        "samples": 10
      },
      "sat_variance": {
        "mean": 0.047636,
        "std": 0.038535,
        "min": 0.006516,
        "max": 0.125526,
        "samples": 10
      },
      "sat_bimodal": {
        "mean": 0.1,
        "std": 0.316228,
        "min": 0.0,
        "max": 1.0,
        "samples": 10
      },
      "edge_density": {
        "mean": 0.047874,
        "std": 0.033757,
        "min": 0.004854,
        "max": 0.099224,
        "samples": 10
      },
      "mean_edge_magnitude": {
        "mean": 82.485817,
        "std": 64.990239,
        "min": 16.708849,
        "max": 233.281342,
        "samples": 10
      },
      "texture_entropy": {
        "mean": 3.163139,
        "std": 0.749445,
        "min": 1.469366,
        "max": 3.836203,
        "samples": 10
      },
      "texture_energy": {
        "mean": 11672.351056,
        "std": 10052.549629,
        "min": 2403.185718,
        "max": 35864.836267,
        "samples": 10
      },
      "texture_contrast": {
        "mean": 165.27849,
        "std": 175.01554,
        "min": 13.186958,
        "max": 582.24605,
        "samples": 10
      },
      "silhouette_ratio": {
        "mean": 0.423376,
        "std": 0.20711,
        "min": 0.13914,
        "max": 0.831975,
        "samples": 10
      },
      "hog_energy": {
        "mean": 456.467969,
        "std": 22.216424,
        "min": 393.256165,
        "max": 463.799316,
        "samples": 10
      },
      "high_low_ratio": {
        "mean": 32.649714,
        "std": 5.891015,
        "min": 22.841568,
        "max": 41.744663,
        "samples": 10
      },
      "anime_score": {
        "mean": 0.182605,
        "std": 0.334761,
        "min": 0.0,
        "max": 1.0,
        "samples": 10
      },
      "cyberpunk_score": {
        "mean": 0.142564,
        "std": 0.313005,
        "min": 0.0,
        "max": 0.898255,
        "samples": 10
      },
      "space_score": {
        "mean": 0.230454,
        "std": 0.238837,
        "min": 0.0,
        "max": 0.747866,
        "samples": 10
      },
      "nature_score": {
        "mean": 0.209458,
        "std": 0.237589,
        "min": 0.0,
        "max": 0.561195,
        "samples": 10
      },
      "neon_score": {
        "mean": 0.106447,
        "std": 0.258141,
        "min": 0.0,
        "max": 0.802876,
        "samples": 10
      },
      "pastel_score": {
        "mean": 0.146976,
        "std": 0.134288,
        "min": 0.0,
        "max": 0.416786,
        "samples": 10
      },
      "vw_score": {
        "mean": 0.026159,
        "std": 0.082723,
        "min": 0.0,
        "max": 0.261593,
        "samples": 10
      },
      "sepia_score": {
        "mean": 0.122341,
        "std": 0.148947,
        "min": 0.0,
        "max": 0.369469,
        "samples": 10
      },
      "vintage_score": {
        "mean": 0.02623,
        "std": 0.059568,
        "min": 0.0,
        "max": 0.178133,
        "samples": 10
      },
      "tenengrad": {
        "mean": 6524.668188,
        "std": 6884.751014,
        "min": 531.21283,
        "max": 23860.332031,
        "samples": 10
      },
      "sharpness": {
        "mean": 879.96814,
        "std": 668.3458,
        "min": 143.277527,
        "max": 2257.495605,
        "samples": 10
      },
      "aesthetic": {
        "mean": 0.599425,
        "std": 0.121326,
        "min": 0.462254,
        "max": 0.870674,
        "samples": 10
      },
      "noise_estimate": {
        "mean": 10.378058,
        "std": 17.0908,
        "min": 0.0,
        "max": 53.372871,
        "samples": 10
      },
      "bris_quality_score": {
        "mean": 0.410262,
        "std": 0.390825,
        "min": 0.0,
        "max": 1.0,
        "samples": 10
      },
      "dct_low_energy": {
        "mean": 0.156073,
        "std": 0.043597,
        "min": 0.092145,
        "max": 0.250839,
        "samples": 10
      },
      "dct_high_energy": {
        "mean": 0.843927,
        "std": 0.043597,
        "min": 0.749161,
        "max": 0.907856,
        "samples": 10
      },
      "centeredness": {
        "mean": 0.870432,
        "std": 0.079497,
        "min": 0.690582,
        "max": 0.971185,
        "samples": 10
      },
      "thirds_score": {
        "mean": 0.045405,
        "std": 0.014637,
        "min": 0.033807,
        "max": 0.073027,
        "samples": 10
      },
      "diagonal_strength": {
        "mean": 0.139909,
        "std": 0.030503,
        "min": 0.083416,
        "max": 0.189606,
        "samples": 10
      },
      "depth_score": {
        "mean": 0.626466,
        "std": 0.411344,
        "min": 0.08664,
        "max": 1.0,
        "samples": 10
      },
      "depth_gradient": {
        "mean": 0.258308,
        "std": 0.131255,
        "min": 0.041414,
        "max": 0.415769,
        "samples": 10
      },
      "saliency_concentration": {
        "mean": 0.225134,
        "std": 0.070349,
        "min": 0.114105,
        "max": 0.363759,
        "samples": 10
      },
      "subject_area_ratio": {
        "mean": 0.28501,
        "std": 0.24191,
        "min": 0.050403,
        "max": 0.805011,
        "samples": 10
      },
      "fg_bg_contrast": {
        "mean": 163.565608,
        "std": 45.60381,
        "min": 92.679504,
        "max": 262.944305,
        "samples": 10
      },
      "periodicity_score": {
        "mean": 0.106236,
        "std": 0.183932,
        "min": 0.0,
        "max": 0.486918,
        "samples": 10
      },
      "tile_similarity": {
        "mean": 0.014536,
        "std": 0.087862,
        "min": -0.101333,
        "max": 0.165902,
        "samples": 10
      },
      "texture_complexity": {
        "mean": 0.400741,
        "std": 0.138484,
        "min": 0.170932,
        "max": 0.674185,
        "samples": 10
      },
      "gradient_complexity": {
        "mean": 0.849407,
        "std": 0.277139,
        "min": 0.321922,
        "max": 1.0,
        "samples": 10
      },
      "local_variance": {
        "mean": 353.360636,
        "std": 307.819849,
        "min": 25.76993,