{
  "name": "Anime",
  "tags": [
    "cartoon"
  ],
  "prompt": "Anime wallpapers feature a harmonious blend of cartoon and drawing styles, predominantly utilizing a deep and serene blue palette to evoke a calming and peaceful mood.",
  "palette_weights": {
    "Red": 0.33001,
    "Pink-Magenta": 0.0356,
    "Orange": 0.156459,
    "White": 0.074192,
    "Gray": 0.078832,
    "Blue": 0.148913,
    "Black": 0.113363,
    "Yellow": 0.062632
  },
  "heuristic_pattern": {
    "features": {
      "colorfulness": {
        "mean": 0.324331,
        "std": 0.216055,
        "min": 0.141461,
        "max": 0.839448,
        "samples": 10
      },
      "hsv_S_mean": {
        "mean": 98.601346,
        "std": 77.533504,
        "min": 22.889658,
        "max": 232.284977,
        "samples": 10
      },
      "hsv_S_std": {
        "mean": 49.708294,
        "std": 18.38351,
        "min": 22.34435,
        "max": 91.162417,
        "samples": 10
      },
      "hsv_V_mean": {
        "mean": 149.261335,
        "std": 66.394945,
        "min": 46.222081,
        "max": 233.720425,
        "samples": 10
      },
      "hsv_V_std": {
        "mean": 58.658805,
        "std": 15.391422,
        "min": 33.496614,
        "max": 81.766444,
        "samples": 10
      },
      "lab_warm_bias": {
        "mean": 133.108093,
        "std": 16.741004,
        "min": 116.830177,
        "max": 168.786255,
        "samples": 10
      },
      "lab_chroma_mean": {
        "mean": 188.573424,
        "std": 23.52943,
        "min": 165.587601,
        "max": 238.828293,
        "samples": 10
      },
      "sat_low_fraction": {
        "mean": 0.517904,
        "std": 0.365648,
        "min": 0.008654,
        "max": 0.961465,
        "samples": 10
      },
      "sat_high_fraction": {
        "mean": 0.248998,
        "std": 0.359585,
        "min": 0.001573,
        "max": 0.887743,
        "samples": 10
      },
      "sat_variance": {
        "mean": 0.042677,
        "std": 0.033347,
        "min": 0.007678,
        "max": 0.127806,
        "samples": 10
      },
      "sat_bimodal": {
        "mean": 0.1,
        "std": 0.316228,
        "min": 0.0,
        "max": 1.0,
        "samples": 10
      },
      "edge_density": {
        "mean": 0.034754,
        "std": 0.032939,
        "min": 0.011114,
        "max": 0.118764,
        "samples": 10
      },
      "mean_edge_magnitude": {
        "mean": 113.545085,
        "std": 77.589777,
        "min": 39.450966,
        "max": 251.652664,
        "samples": 10
      },
      "texture_entropy": {
        "mean": 2.581156,
        "std": 1.086024,
        "min": 0.836473,
        "max": 3.975383,
        "samples": 10
      },
      "texture_energy": {
        "mean": 22242.467435,
        "std": 19939.661082,
        "min": 3682.731319,
        "max": 50955.625753,
        "samples": 10
      },
      "texture_contrast": {
        "mean": 132.988954,
        "std": 85.835747,
        "min": 45.184787,
        "max": 265.261191,
        "samples": 10
      },
      "silhouette_ratio": {
        "mean": 0.465693,
        "std": 0.333061,
        "min": 0.071165,
        "max": 0.874112,
        "samples": 10
      },
      "hog_energy": {
        "mean": 388.802113,
        "std": 103.288053,
        "min": 201.316727,
        "max": 463.808807,
        "samples": 10
      },
      "high_low_ratio": {
        "mean": 35.109085,
        "std": 11.80048,
        "min": 24.071102,
        "max": 66.534065,
        "samples": 10
      },
      "anime_score": {
        "mean": 0.253176,
        "std": 0.350327,
        "min": 0.0,
        "max": 1.0,
        "samples": 10
      },
      "cyberpunk_score": {
        "mean": 0.108978,
        "std": 0.273668,
        "min": 0.0,
        "max": 0.875728,
        "samples": 10
      },
      "space_score": {
        "mean": 0.183605,
        "std": 0.29568,
        "min": 0.0,
        "max": 0.939016,
        "samples": 10
      },
      "nature_score": {
        "mean": 0.305109,
        "std": 0.336291,
        "min": 0.0,
        "max": 1.0,
        "samples": 10
      },
      "neon_score": {
        "mean": 0.075925,
        "std": 0.240095,
        "min": 0.0,
        "max": 0.759248,
        "samples": 10
      },
      "pastel_score": {
        "mean": 0.076789,
        "std": 0.072295,
        "min": 0.0,
        "max": 0.184248,
        "samples": 10
      },
      "vw_score": {
        "mean": 0.026756,
        "std": 0.060853,
        "min": 0.0,
        "max": 0.182212,
        "samples": 10
      },
      "sepia_score": {
        "mean": 0.013788,
        "std": 0.023309,
        "min": 0.0,
        "max": 0.062434,
        "samples": 10
      },
      "vintage_score": {
        "mean": 0.0,
        "std": 0.0,
        "min": 0.0,
        "max": 0.0,
        "samples": 10
      },
      "tenengrad": {
        "mean": 5802.742419,
        "std": 3583.761891,
        "min": 2013.209595,
        "max": 11188.353516,
        "samples": 10
      },
      "sharpness": {
        "mean": 978.959744,
        "std": 646.844881,
        "min": 243.631744,
        "max": 2564.26123,
        "samples": 10
      },
      "aesthetic": {
        "mean": 0.640261,
        "std": 0.201766,
        "min": 0.278575,
        "max": 0.922296,
        "samples": 10
      },
      "noise_estimate": {
        "mean": 5.189029,
        "std": 10.967305,
        "min": 0.0,
        "max": 35.581913,
        "samples": 10
      },
      "bris_quality_score": {
        "mean": 0.280544,
        "std": 0.395368,
        "min": 0.0,
        "max": 1.0,
        "samples": 10
      },
      "dct_low_energy": {
        "mean": 0.160206,
        "std": 0.060097,
        "min": 0.050846,
        "max": 0.270856,
        "samples": 10
      },
      "dct_high_energy": {
        "mean": 0.839794,
        "std": 0.060097,
        "min": 0.729144,
        "max": 0.949154,
        "samples": 10
      },
      "centeredness": {
        "mean": 0.842161,
        "std": 0.113783,
        "min": 0.668317,
        "max": 0.996829,
        "samples": 10
      },
      "thirds_score": {
        "mean": 0.053608,
        "std": 0.022033,
        "min": 0.011221,
        "max": 0.077251,
        "samples": 10
      },
      "diagonal_strength": {
        "mean": 0.128483,
        "std": 0.033153,
        "min": 0.075703,
        "max": 0.170306,
        "samples": 10
      },
      "depth_score": {
        "mean": 0.670992,
        "std": 0.357734,
        "min": 0.195188,
        "max": 1.0,
        "samples": 10
      },
      "depth_gradient": {
        "mean": 0.258825,
        "std": 0.199497,
        "min": 0.037187,
        "max": 0.679094,
        "samples": 10
      },
      "saliency_concentration": {
        "mean": 0.312553,
        "std": 0.087643,
        "min": 0.173471,
        "max": 0.456611,
        "samples": 10
      },
      "subject_area_ratio": {
        "mean": 0.492907,
        "std": 0.372812,
        "min": 0.058226,
        "max": 0.99945,
        "samples": 10
      },
      "fg_bg_contrast": {
        "mean": 228.507352,
        "std": 41.920413,
        "min": 155.852234,
        "max": 302.827026,
        "samples": 10
      },
      "periodicity_score": {
        "mean": 0.159084,
        "std": 0.174828,
        "min": 0.0,
        "max": 0.409773,
        "samples": 10
      },
      "tile_similarity": {
        "mean": -0.035692,
        "std": 0.10505,
        "min": -0.256717,
        "max": 0.079675,
        "samples": 10
      },
      "texture_complexity": {
        "mean": 0.344352,
        "std": 0.119022,
        "min": 0.203312,
        "max": 0.602619,
        "samples": 10
      },
      "gradient_complexity": {
        "mean": 0.967466,
        "std": 0.092703,
        "min": 0.70503,
        "max": 1.0,
        "samples": 10
      },
      "local_variance": {
        "mean": 356.935148,
        "std": 215.150697,
        "min": 122.603477,