{
  "name": "Anime",
  "tags": [
    "cartoon"
  ],
  "prompt": "Anime wallpapers feature a harmonious blend of cartoon and drawing styles, predominantly utilizing a deep and serene blue palette to evoke a calming and peaceful mood.",
  "palette_weights": {
    "Red": 0.33001,
    "Pink-Magenta": 0.0356,
    "Orange": 0.156459,
    "White": 0.074192,
    "Gray": 0.078832,
    "Blue": 0.148913,
    "Black": 0.113363,
    "Yellow": 0.062632
  },
  "heuristic_pattern": {
    "features": {
      "colorfulness": {
        "mean": 0.271485,
        "std": 0.232795,
        "min": 0.003388,
        "max": 0.788507,
        "samples": 10
      },
      "hsv_S_mean": {
        "mean": 81.924141,
        "std": 62.303845,
        "min": 0.945061,
        "max": 159.098297,
        "samples": 10
      },
      "hsv_S_std": {
        "mean": 44.222139,
        "std": 29.593473,
        "min": 10.245937,
        "max": 106.436096,
        "samples": 10
      },
      "hsv_V_mean": {
        "mean": 137.918984,
        "std": 76.349617,
        "min": 18.835654,
        "max": 219.188631,
        "samples": 10
      },
      "hsv_V_std": {
        "mean": 53.431294,
        "std": 21.926086,
        "min": 11.302563,
        "max": 91.442057,
        "samples": 10
      },
      "lab_warm_bias": {
        "mean": 130.398669,
        "std": 7.604683,
        "min": 114.58725,
        "max": 142.800446,
        "samples": 10
      },
      "lab_chroma_mean": {
        "mean": 185.169089,
        "std": 11.138614,
        "min": 162.376389,
        "max": 202.727997,
        "samples": 10
      },
      "sat_low_fraction": {
        "mean": 0.555911,
        "std": 0.399587,
        "min": 0.030578,
        "max": 1.0,
        "samples": 10
      },
      "sat_high_fraction": {
        "mean": 0.124283,
        "std": 0.168668,
        "min": 0.0,
        "max": 0.506637,
        "samples": 10
      },
      "sat_variance": {
        "mean": 0.042196,
        "std": 0.05219,
        "min": 0.001614,
        "max": 0.17422,
        "samples": 10
      },
      "sat_bimodal": {
        "mean": 0.2,
        "std": 0.421637,
        "min": 0.0,
        "max": 1.0,
        "samples": 10
      },
      "edge_density": {
        "mean": 0.046386,
        "std": 0.051485,
        "min": 0.008885,
        "max": 0.176,
        "samples": 10
      },
      "mean_edge_magnitude": {
        "mean": 196.710126,
        "std": 272.137141,
        "min": 20.98855,
        "max": 905.112122,
        "samples": 10
      },
      "texture_entropy": {
        "mean": 2.345497,
        "std": 1.315337,
        "min": 0.42541,
        "max": 3.750499,
        "samples": 10
      },
      "texture_energy": {
        "mean": 21036.705496,
        "std": 18031.524867,
        "min": 489.174907,
        "max": 50927.457778,
        "samples": 10
      },
      "texture_contrast": {
        "mean": 338.028152,
        "std": 626.222116,
        "min": 5.371135,
        "max": 2064.46175,
        "samples": 10
      },
      "silhouette_ratio": {
        "mean": 0.505165,
        "std": 0.32519,
        "min": 0.017089,
        "max": 0.8949,
        "samples": 10
      },
      "hog_energy": {
        "mean": 392.233325,
        "std": 98.892634,
        "min": 207.152954,
        "max": 463.782166,
        "samples": 10
      },
      "high_low_ratio": {
        "mean": 32.827132,
        "std": 9.237076,
        "min": 17.295624,
        "max": 50.917034,
        "samples": 10
      },
      "anime_score": {
        "mean": 0.137029,
        "std": 0.317866,
        "min": 0.0,
        "max": 1.0,
        "samples": 10
      },
      "cyberpunk_score": {
        "mean": 0.043504,
        "std": 0.06965,
        "min": 0.0,
        "max": 0.17685,
        "samples": 10
      },
      "space_score": {
        "mean": 0.218723,
        "std": 0.30284,
        "min": 0.0,
        "max": 1.0,
        "samples": 10
      },
      "nature_score": {
        "mean": 0.229874,
        "std": 0.317181,
        "min": 0.0,
        "max": 0.81708,
        "samples": 10
      },
      "neon_score": {
        "mean": 0.017685,
        "std": 0.055925,
        "min": 0.0,
        "max": 0.17685,
        "samples": 10
      },
      "pastel_score": {
        "mean": 0.070419,
        "std": 0.107113,
        "min": 0.0,
        "max": 0.314,
        "samples": 10
      },
      "vw_score": {
        "mean": 0.032274,
        "std": 0.06541,
        "min": 0.0,
        "max": 0.2031,
        "samples": 10
      },
      "sepia_score": {
        "mean": 0.02178,
        "std": 0.0437,
        "min": 0.0,
        "max": 0.13469,
        "samples": 10
      },
      "vintage_score": {
        "mean": 0.029178,
        "std": 0.044038,
        "min": 0.0,
        "max": 0.118584,
        "samples": 10
      },
      "tenengrad": {
        "mean": 12776.810143,
        "std": 20594.276553,
        "min": 216.00444,
        "max": 68900.414062,
        "samples": 10
      },
      "sharpness": {
        "mean": 1141.031954,
        "std": 973.266705,
        "min": 126.166954,
        "max": 3651.052002,
        "samples": 10
      },
      "aesthetic": {
        "mean": 0.591198,
        "std": 0.147734,
        "min": 0.315297,
        "max": 0.742636,
        "samples": 10
      },
      "noise_estimate": {
        "mean": 3.409933,
        "std": 4.844606,
        "min": 0.0,
        "max": 14.825797,
        "samples": 10
      },
      "bris_quality_score": {
        "mean": 0.254312,
        "std": 0.315144,
        "min": 0.0,
        "max": 1.0,
        "samples": 10
      },
      "dct_low_energy": {
        "mean": 0.168234,
        "std": 0.088375,
        "min": 0.107772,
        "max": 0.413738,
        "samples": 10
      },
      "dct_high_energy": {
        "mean": 0.831766,
        "std": 0.088375,
        "min": 0.586262,
        "max": 0.892228,
        "samples": 10
      },
      "centeredness": {
        "mean": 0.821858,
        "std": 0.090035,
        "min": 0.702625,
        "max": 0.953247,
        "samples": 10
      },
      "thirds_score": {
        "mean": 0.054946,
        "std": 0.024714,
        "min": 0.024569,
        "max": 0.100787,
        "samples": 10
      },
      "diagonal_strength": {
        "mean": 0.122255,
        "std": 0.035392,
        "min": 0.071889,
        "max": 0.170704,
        "samples": 10
      },
      "depth_score": {
        "mean": 0.595578,
        "std": 0.340141,
        "min": 0.049186,
        "max": 1.0,
        "samples": 10
      },
      "depth_gradient": {
        "mean": 0.235491,
        "std": 0.183088,
        "min": 0.023899,
        "max": 0.594549,
        "samples": 10
      },
      "saliency_concentration": {
        "mean": 0.308625,
        "std": 0.125534,
        "min": 0.15817,
        "max": 0.559792,
        "samples": 10
      },
      "subject_area_ratio": {
        "mean": 0.442575,
        "std": 0.39458,
        "min": 0.014744,
        "max": 0.998915,
        "samples": 10
      },
      "fg_bg_contrast": {
        "mean": 219.198546,
        "std": 97.97509,
        "min": 52.020645,
        "max": 411.484833,
        "samples": 10
      },
      "periodicity_score": {
        "mean": 0.191721,
        "std": 0.173309,
        "min": 0.0,
        "max": 0.420426,
        "samples": 10
      },
      "tile_similarity": {
        "mean": -0.00918,
        "std": 0.051021,
        "min": -0.086372,
        "max": 0.08154,
        "samples": 10
      },
      "texture_complexity": {
        "mean": 0.386605,
        "std": 0.242058,
        "min": 0.094448,
        "max": 1.0,
        "samples": 10
      },
      "gradient_complexity": {
        "mean": 0.857994,
        "std": 0.307351,
        "min": 0.142406,
        "max": 1.0,
        "samples": 10
      },
      "local_variance": {
        "mean": 614.790464,
        "std": 868.113953,
        "min": 12.886633,
        "max": 2955.326904,