{
  "name": "Gruvbox",
  "tags": [
    "cyborg",
    "knight",
    "mech",
    "poster",
    "robot",
    "sword",
    "wizard"
  ],
  "prompt": "Gruvbox wallpapers feature a cartoonish art style with a vibrant blue-green color scheme and often depict dramatic scenes of cyborgs or futuristic man characters.",
  "palette_weights": {
    "Black": 0.653048,
    "Orange": 0.015091,
    "Teal-Cyan": 0.057914,
    "Green": 0.101826,
    "Gray": 0.035901,
    "White": 0.005009,
    "Yellow": 0.009652,
    "Blue": 0.026844,
    "Red": 0.089528,
    "Pink-Magenta": 0.005186
  },
  "heuristic_pattern": {
    "features": {
      "colorfulness": {
        "mean": 0.514469,
        "std": 0.372475,
        "min": 0.069779,
        "max": 1.242447,
        "samples": 10
      },
      "hsv_S_mean": {
        "mean": 138.762091,
        "std": 57.742689,
        "min": 26.050077,
        "max": 244.774109,
        "samples": 10
      },
      "hsv_S_std": {
        "mean": 48.867981,
        "std": 22.747256,
        "min": 15.095039,
        "max": 85.683745,
        "samples": 10
      },
      "hsv_V_mean": {
        "mean": 119.770327,
        "std": 56.009504,
        "min": 34.918632,
        "max": 221.884631,
        "samples": 10
      },
      "hsv_V_std": {
        "mean": 61.094068,
        "std": 27.547768,
        "min": 19.347061,
        "max": 116.703714,
        "samples": 10
      },
      "lab_warm_bias": {
        "mean": 143.301441,
        "std": 21.084871,
        "min": 112.906242,
        "max": 185.134933,
        "samples": 10
      },
      "lab_chroma_mean": {
        "mean": 203.200287,
        "std": 29.867041,
        "min": 160.086655,
        "max": 262.45639,
        "samples": 10
      },
      "sat_low_fraction": {
        "mean": 0.236488,
        "std": 0.290225,
        "min": 4.1e-05,
        "max": 0.979692,
        "samples": 10
      },
      "sat_high_fraction": {
        "mean": 0.348426,
        "std": 0.33539,
        "min": 0.0,
        "max": 0.957606,
        "samples": 10
      },
      "sat_variance": {
        "mean": 0.043887,
        "std": 0.034723,
        "min": 0.003504,
        "max": 0.112906,
        "samples": 10
      },
      "sat_bimodal": {
        "mean": 0.1,
        "std": 0.316228,
        "min": 0.0,
        "max": 1.0,
        "samples": 10
      },
      "edge_density": {
        "mean": 0.037549,
        "std": 0.037917,
        "min": 0.003081,
        "max": 0.112128,
        "samples": 10
      },
      "mean_edge_magnitude": {
        "mean": 81.235471,
        "std": 81.297305,
        "min": 20.643248,
        "max": 306.231964,
        "samples": 10
      },
      "texture_entropy": {
        "mean": 2.578348,
        "std": 1.342252,
        "min": 0.109487,
        "max": 3.767045,
        "samples": 10
      },
      "texture_energy": {
        "mean": 8104.596562,
        "std": 5448.879938,
        "min": 1308.298765,
        "max": 18291.039198,
        "samples": 10
      },
      "texture_contrast": {
        "mean": 72.419551,
        "std": 73.839827,
        "min": 15.94224,
        "max": 266.815645,
        "samples": 10
      },
      "silhouette_ratio": {
        "mean": 0.381621,
        "std": 0.256634,
        "min": 0.019766,
        "max": 0.889956,
        "samples": 10
      },
      "hog_energy": {
        "mean": 414.256054,
        "std": 132.204501,
        "min": 41.835625,
        "max": 463.890381,
        "samples": 10
      },
      "high_low_ratio": {
        "mean": 32.075149,
        "std": 2.436072,
        "min": 27.170481,
        "max": 35.30479,
        "samples": 10
      },
      "anime_score": {
        "mean": 0.534515,
        "std": 0.37077,
        "min": 0.0,
        "max": 1.0,
        "samples": 10
      },
      "cyberpunk_score": {
        "mean": 0.15586,
        "std": 0.191229,
        "min": 0.0,
        "max": 0.545505,
        "samples": 10
      },
      "space_score": {
        "mean": 0.274262,
        "std": 0.306313,
        "min": 0.0,
        "max": 1.0,
        "samples": 10
      },
      "nature_score": {
        "mean": 0.395448,
        "std": 0.350123,
        "min": 0.0,
        "max": 0.877222,
        "samples": 10
      },
      "neon_score": {
        "mean": 0.098549,
        "std": 0.10516,
        "min": 0.0,
        "max": 0.275796,
        "samples": 10
      },
      "pastel_score": {
        "mean": 0.037756,
        "std": 0.073578,
        "min": 0.0,
        "max": 0.197778,
        "samples": 10
      },
      "vw_score": {
        "mean": 0.040133,
        "std": 0.126911,
        "min": 0.0,
        "max": 0.401327,
        "samples": 10
      },
      "sepia_score": {
        "mean": 0.033519,
        "std": 0.096615,
        "min": 0.0,
        "max": 0.307361,
        "samples": 10
      },
      "vintage_score": {
        "mean": 0.006472,
        "std": 0.020467,
        "min": 0.0,
        "max": 0.064722,
        "samples": 10
      },
      "tenengrad": {
        "mean": 2995.75528,
        "std": 2644.397806,
        "min": 846.570618,
        "max": 10015.552734,
        "samples": 10
      },
      "sharpness": {
        "mean": 650.223749,
        "std": 336.244671,
        "min": 198.268616,
        "max": 1294.895508,
        "samples": 10
      },
      "aesthetic": {
        "mean": 0.660798,
        "std": 0.128974,
        "min": 0.47014,
        "max": 0.829481,
        "samples": 10
      },
      "noise_estimate": {
        "mean": 3.706449,
        "std": 5.688591,
        "min": 0.0,
        "max": 14.825797,
        "samples": 10
      },
      "bris_quality_score": {
        "mean": 0.282754,
        "std": 0.456212,
        "min": 0.0,
        "max": 1.0,
        "samples": 10
      },
      "dct_low_energy": {
        "mean": 0.141508,
        "std": 0.075343,
        "min": 0.029077,
        "max": 0.303086,
        "samples": 10
      },
      "dct_high_energy": {
        "mean": 0.858492,
        "std": 0.075343,
        "min": 0.696914,
        "max": 0.970923,
        "samples": 10
      },
      "centeredness": {
        "mean": 0.83031,
        "std": 0.144664,
        "min": 0.535063,
        "max": 0.968994,
        "samples": 10
      },
      "thirds_score": {
        "mean": 0.041887,
        "std": 0.012132,
        "min": 0.02063,
        "max": 0.063017,
        "samples": 10
      },
      "diagonal_strength": {
        "mean": 0.152935,
        "std": 0.086694,
        "min": 0.007912,
        "max": 0.321791,
        "samples": 10
      },
      "depth_score": {
        "mean": 0.377016,
        "std": 0.352309,
        "min": 0.062235,
        "max": 1.0,
        "samples": 10
      },
      "depth_gradient": {
        "mean": 0.22611,
        "std": 0.167552,
        "min": 0.01542,
        "max": 0.50036,
        "samples": 10
      },
      "saliency_concentration": {
        "mean": 0.293192,
        "std": 0.158025,
        "min": 0.161156,
        "max": 0.622967,
        "samples": 10
      },
      "subject_area_ratio": {
        "mean": 0.321909,
        "std": 0.299698,
        "min": 0.00032,
        "max": 0.973302,
        "samples": 10
      },
      "fg_bg_contrast": {
        "mean": 176.612395,
        "std": 61.924545,
        "min": 111.703522,
        "max": 287.268097,
        "samples": 10
      },
      "periodicity_score": {
        "mean": 0.215907,
        "std": 0.216777,
        "min": 0.0,
        "max": 0.642362,
        "samples": 10
      },
      "tile_similarity": {
        "mean": -0.022134,
        "std": 0.089455,
        "min": -0.150978,
        "max": 0.115666,
        "samples": 10
      },
      "texture_complexity": {
        "mean": 0.291699,
        "std": 0.138411,
        "min": 0.021035,
        "max": 0.50858,
        "samples": 10
      },
      "gradient_complexity": {
        "mean": 0.883986,
        "std": 0.201868,
        "min": 0.50597,
        "max": 1.0,
        "samples": 10
      },