{
  "name": "Gruvbox",
  "tags": [
    "cyborg",
    "knight",
    "mech",
    "poster",
    "robot",
    "sword",
    "wizard"
  ],
  "prompt": "Gruvbox wallpapers feature a cartoonish art style with a vibrant blue-green color scheme and often depict dramatic scenes of cyborgs or futuristic man characters.",
  "palette_weights": {
    "Black": 0.653048,
    "Orange": 0.015091,
    "Teal-Cyan": 0.057914,
    "Green": 0.101826,
    "Gray": 0.035901,
    "White": 0.005009,
    "Yellow": 0.009652,
    "Blue": 0.026844,
    "Red": 0.089528,
    "Pink-Magenta": 0.005186
  },
  "heuristic_pattern": {
    "features": {
      "colorfulness": {
        "mean": 0.231195,
        "std": 0.177005,
        "min": 0.048982,
        "max": 0.650283,
        "samples": 10
      },
      "hsv_S_mean": {
        "mean": 77.978304,
        "std": 49.751266,
        "min": 24.263298,
        "max": 149.888494,
        "samples": 10
      },
      "hsv_S_std": {
        "mean": 48.909515,
        "std": 38.368599,
        "min": 12.904336,
        "max": 119.3329,
        "samples": 10
      },
      "hsv_V_mean": {
        "mean": 94.195468,
        "std": 58.506022,
        "min": 26.774703,
        "max": 216.351562,
        "samples": 10
      },
      "hsv_V_std": {
        "mean": 65.902647,
        "std": 31.3754,
        "min": 12.467265,
        "max": 125.87281,
        "samples": 10
      },
      "lab_warm_bias": {
        "mean": 133.355783,
        "std": 7.965483,
        "min": 125.55191,
        "max": 151.001495,
        "samples": 10
      },
      "lab_chroma_mean": {
        "mean": 189.001549,
        "std": 11.281592,
        "min": 178.123581,
        "max": 213.852356,
        "samples": 10
      },
      "sat_low_fraction": {
        "mean": 0.68832,
        "std": 0.349158,
        "min": 0.101013,
        "max": 1.0,
        "samples": 10
      },
      "sat_high_fraction": {
        "mean": 0.147995,
        "std": 0.234003,
        "min": 0.0,
        "max": 0.625859,
        "samples": 10
      },
      "sat_variance": {
        "mean": 0.057164,
        "std": 0.082858,
        "min": 0.002561,
        "max": 0.218998,
        "samples": 10
      },
      "sat_bimodal": {
        "mean": 0.3,
        "std": 0.483046,
        "min": 0.0,
        "max": 1.0,
        "samples": 10
      },
      "edge_density": {
        "mean": 0.052293,
        "std": 0.066624,
        "min": 0.009218,
        "max": 0.209725,
        "samples": 10
      },
      "mean_edge_magnitude": {
        "mean": 262.523792,
        "std": 352.274273,
        "min": 29.921736,
        "max": 924.660522,
        "samples": 10
      },
      "texture_entropy": {
        "mean": 1.912317,
        "std": 1.312867,
        "min": 0.42541,
        "max": 3.728723,
        "samples": 10
      },
      "texture_energy": {
        "mean": 13397.162555,
        "std": 16607.212045,
        "min": 700.882708,
        "max": 50927.457778,
        "samples": 10
      },
      "texture_contrast": {
        "mean": 356.897299,
        "std": 510.345195,
        "min": 30.452374,
        "max": 1589.680053,
        "samples": 10
      },
      "silhouette_ratio": {
        "mean": 0.311612,
        "std": 0.26525,
        "min": 0.015657,
        "max": 0.848437,
        "samples": 10
      },
      "hog_energy": {
        "mean": 380.850327,
        "std": 106.685454,
        "min": 207.152954,
        "max": 463.844849,
        "samples": 10
      },
      "high_low_ratio": {
        "mean": 34.619115,
        "std": 3.168463,
        "min": 29.843346,
        "max": 41.07008,
        "samples": 10
      },
      "anime_score": {
        "mean": 0.102303,
        "std": 0.20562,
        "min": 0.0,
        "max": 0.62394,
        "samples": 10
      },
      "cyberpunk_score": {
        "mean": 0.041582,
        "std": 0.131493,
        "min": 0.0,
        "max": 0.415816,
        "samples": 10
      },
      "space_score": {
        "mean": 0.48179,
        "std": 0.404904,
        "min": 0.0,
        "max": 1.0,
        "samples": 10
      },
      "nature_score": {
        "mean": 0.297051,
        "std": 0.266777,
        "min": 0.0,
        "max": 0.81708,
        "samples": 10
      },
      "neon_score": {
        "mean": 0.02992,
        "std": 0.094615,
        "min": 0.0,
        "max": 0.2992,
        "samples": 10
      },
      "pastel_score": {
        "mean": 0.038275,
        "std": 0.053496,
        "min": 0.0,
        "max": 0.13324,
        "samples": 10
      },
      "vw_score": {
        "mean": 0.0,
        "std": 0.0,
        "min": 0.0,
        "max": 0.0,
        "samples": 10
      },
      "sepia_score": {
        "mean": 0.011058,
        "std": 0.026496,
        "min": 0.0,
        "max": 0.082,
        "samples": 10
      },
      "vintage_score": {
        "mean": 0.062031,
        "std": 0.151088,
        "min": 0.0,
        "max": 0.48031,
        "samples": 10
      },
      "tenengrad": {
        "mean": 12016.455725,
        "std": 15315.328512,
        "min": 1377.827759,
        "max": 44070.839844,
        "samples": 10
      },
      "sharpness": {
        "mean": 1010.815924,
        "std": 685.437018,
        "min": 193.65564,
        "max": 2243.236572,
        "samples": 10
      },
      "aesthetic": {
        "mean": 0.613792,
        "std": 0.134862,
        "min": 0.474419,
        "max": 0.873988,
        "samples": 10
      },
      "noise_estimate": {
        "mean": 2.965159,
        "std": 5.547305,
        "min": 0.0,
        "max": 14.825797,
        "samples": 10
      },
      "bris_quality_score": {
        "mean": 0.312023,
        "std": 0.394617,
        "min": 0.0,
        "max": 1.0,
        "samples": 10
      },
      "dct_low_energy": {
        "mean": 0.138868,
        "std": 0.073334,
        "min": 0.02558,
        "max": 0.269309,
        "samples": 10
      },
      "dct_high_energy": {
        "mean": 0.861132,
        "std": 0.073334,
        "min": 0.730691,
        "max": 0.97442,
        "samples": 10
      },
      "centeredness": {
        "mean": 0.834589,
        "std": 0.128054,
        "min": 0.548464,
        "max": 0.983679,
        "samples": 10
      },
      "thirds_score": {
        "mean": 0.039925,
        "std": 0.01565,
        "min": 0.019565,
        "max": 0.073685,
        "samples": 10
      },
      "diagonal_strength": {
        "mean": 0.163961,
        "std": 0.122199,
        "min": 0.053394,
        "max": 0.494151,
        "samples": 10
      },
      "depth_score": {
        "mean": 0.71588,
        "std": 0.358728,
        "min": 0.130891,
        "max": 1.0,
        "samples": 10
      },
      "depth_gradient": {
        "mean": 0.216021,
        "std": 0.120912,
        "min": 0.067656,
        "max": 0.473475,
        "samples": 10
      },
      "saliency_concentration": {
        "mean": 0.296711,
        "std": 0.117347,
        "min": 0.119864,
        "max": 0.486638,
        "samples": 10
      },
      "subject_area_ratio": {
        "mean": 0.313213,
        "std": 0.362682,
        "min": 0.000162,
        "max": 0.998915,
        "samples": 10
      },
      "fg_bg_contrast": {
        "mean": 229.704483,
        "std": 102.955497,
        "min": 114.856735,
        "max": 412.289429,
        "samples": 10
      },
      "periodicity_score": {
        "mean": 0.140107,
        "std": 0.154627,
        "min": 0.0,
        "max": 0.394383,
        "samples": 10
      },
      "tile_similarity": {
        "mean": 0.03516,
        "std": 0.091084,
        "min": -0.051355,
        "max": 0.249284,
        "samples": 10
      },
      "texture_complexity": {
        "mean": 0.344748,
        "std": 0.185305,
        "min": 0.078902,
        "max": 0.624644,
        "samples": 10
      },
      "gradient_complexity": {
        "mean": 0.955581,
        "std": 0.111334,
        "min": 0.650163,
        "max": 1.0,
        "samples": 10
      },