{
  "name": "Gruvbox",
  "tags": [
    "cyborg",
    "knight",
    "mech",
    "poster",
    "robot",
    "sword",
    "wizard"
  ],
  "prompt": "Gruvbox wallpapers feature a cartoonish art style with a vibrant blue-green color scheme and often depict dramatic scenes of cyborgs or futuristic man characters.",
  "palette_weights": {
    "Black": 0.653048,
    "Orange": 0.015091,
    "Teal-Cyan": 0.057914,
    "Green": 0.101826,
    "Gray": 0.035901,
    "White": 0.005009,
    "Yellow": 0.009652,
    "Blue": 0.026844,
    "Red": 0.089528,
    "Pink-Magenta": 0.005186
  },
  "heuristic_pattern": {
    "features": {
      "colorfulness": {
        "mean": 0.281255,
        "std": 0.129214,
        "min": 0.107151,
        "max": 0.53746,
        "samples": 10
      },
      "hsv_S_mean": {
        "mean": 94.243755,
        "std": 48.354137,
        "min": 24.790262,
        "max": 163.531981,
        "samples": 10
      },
      "hsv_S_std": {
        "mean": 49.634903,
        "std": 28.060296,
        "min": 7.996482,
        "max": 92.819808,
        "samples": 10
      },
      "hsv_V_mean": {
        "mean": 115.298713,
        "std": 56.605926,
        "min": 25.853582,
        "max": 216.351562,
        "samples": 10
      },
      "hsv_V_std": {
        "mean": 69.104953,
        "std": 24.736662,
        "min": 41.172788,
        "max": 125.87281,
        "samples": 10
      },
      "lab_warm_bias": {
        "mean": 132.238705,
        "std": 7.213063,
        "min": 118.279472,
        "max": 140.292816,
        "samples": 10
      },
      "lab_chroma_mean": {
        "mean": 187.929022,
        "std": 10.636519,
        "min": 168.214355,
        "max": 200.992706,
        "samples": 10
      },
      "sat_low_fraction": {
        "mean": 0.445958,
        "std": 0.385889,
        "min": 0.020426,
        "max": 1.0,
        "samples": 10
      },
      "sat_high_fraction": {
        "mean": 0.193769,
        "std": 0.265893,
        "min": 0.0,
        "max": 0.822837,
        "samples": 10
      },
      "sat_variance": {
        "mean": 0.048785,
        "std": 0.044456,
        "min": 0.000983,
        "max": 0.132495,
        "samples": 10
      },
      "sat_bimodal": {
        "mean": 0.2,
        "std": 0.421637,
        "min": 0.0,
        "max": 1.0,
        "samples": 10
      },
      "edge_density": {
        "mean": 0.034675,
        "std": 0.03088,
        "min": 0.000411,
        "max": 0.085096,
        "samples": 10
      },
      "mean_edge_magnitude": {
        "mean": 246.471677,
        "std": 354.088234,
        "min": 18.051159,
        "max": 924.660522,
        "samples": 10
      },
      "texture_entropy": {
        "mean": 2.21238,
        "std": 1.297838,
        "min": 0.42541,
        "max": 3.81691,
        "samples": 10
      },
      "texture_energy": {
        "mean": 16622.979123,
        "std": 16504.109556,
        "min": 1884.11037,
        "max": 50927.457778,
        "samples": 10
      },
      "texture_contrast": {
        "mean": 220.276583,
        "std": 275.075777,
        "min": 3.191651,
        "max": 848.074571,
        "samples": 10
      },
      "silhouette_ratio": {
        "mean": 0.409377,
        "std": 0.248601,
        "min": 0.038203,
        "max": 0.848437,
        "samples": 10
      },
      "hog_energy": {
        "mean": 422.61503,
        "std": 79.963278,
        "min": 207.152954,
        "max": 463.823639,
        "samples": 10
      },
      "high_low_ratio": {
        "mean": 37.76636,
        "std": 14.110648,
        "min": 26.712555,
        "max": 74.055923,
        "samples": 10
      },
      "anime_score": {
        "mean": 0.139946,
        "std": 0.223991,
        "min": 0.0,
        "max": 0.625214,
        "samples": 10
      },
      "cyberpunk_score": {
        "mean": 0.082953,
        "std": 0.129475,
        "min": 0.0,
        "max": 0.377746,
        "samples": 10
      },
      "space_score": {
        "mean": 0.326793,
        "std": 0.38593,
        "min": 0.0,
        "max": 1.0,
        "samples": 10
      },
      "nature_score": {
        "mean": 0.350838,
        "std": 0.341871,
        "min": 0.0,
        "max": 0.81708,
        "samples": 10
      },
      "neon_score": {
        "mean": 0.04481,
        "std": 0.05922,
        "min": 0.0,
        "max": 0.128274,
        "samples": 10
      },
      "pastel_score": {
        "mean": 0.041996,
        "std": 0.075587,
        "min": 0.0,
        "max": 0.246157,
        "samples": 10
      },
      "vw_score": {
        "mean": 0.036482,
        "std": 0.088466,
        "min": 0.0,
        "max": 0.275143,
        "samples": 10
      },
      "sepia_score": {
        "mean": 0.081798,
        "std": 0.144205,
        "min": 0.0,
        "max": 0.463731,
        "samples": 10
      },
      "vintage_score": {
        "mean": 0.044599,
        "std": 0.05477,
        "min": 0.0,
        "max": 0.139888,
        "samples": 10
      },
      "tenengrad": {
        "mean": 9342.116927,
        "std": 10449.415256,
        "min": 19.430984,
        "max": 32868.898438,
        "samples": 10
      },
      "sharpness": {
        "mean": 1109.527168,
        "std": 681.525387,
        "min": 82.350929,
        "max": 2223.748291,
        "samples": 10
      },
      "aesthetic": {
        "mean": 0.710081,
        "std": 0.124484,
        "min": 0.541906,
        "max": 0.902798,
        "samples": 10
      },
      "noise_estimate": {
        "mean": 1.037806,
        "std": 1.406499,
        "min": 0.0,
        "max": 2.965159,
        "samples": 10
      },
      "bris_quality_score": {
        "mean": 0.295327,
        "std": 0.332367,
        "min": 0.0,
        "max": 0.75741,
        "samples": 10
      },
      "dct_low_energy": {
        "mean": 0.147151,
        "std": 0.065235,
        "min": 0.091926,
        "max": 0.305275,
        "samples": 10
      },
      "dct_high_energy": {
        "mean": 0.852849,
        "std": 0.065235,
        "min": 0.694725,
        "max": 0.908074,
        "samples": 10
      },
      "centeredness": {
        "mean": 0.875817,
        "std": 0.131291,
        "min": 0.636007,
        "max": 0.998243,
        "samples": 10
      },
      "thirds_score": {
        "mean": 0.034152,
        "std": 0.012632,
        "min": 0.007039,
        "max": 0.048999,
        "samples": 10
      },
      "diagonal_strength": {
        "mean": 0.114654,
        "std": 0.058008,
        "min": 0.029745,
        "max": 0.211403,
        "samples": 10
      },
      "depth_score": {
        "mean": 0.551075,
        "std": 0.392774,
        "min": 0.001129,
        "max": 1.0,
        "samples": 10
      },
      "depth_gradient": {
        "mean": 0.194773,
        "std": 0.175472,
        "min": 0.019415,
        "max": 0.473475,
        "samples": 10
      },
      "saliency_concentration": {
        "mean": 0.258126,
        "std": 0.133312,
        "min": 0.119864,
        "max": 0.486579,
        "samples": 10
      },
      "subject_area_ratio": {
        "mean": 0.314927,
        "std": 0.341143,
        "min": 0.022708,
        "max": 0.998915,
        "samples": 10
      },
      "fg_bg_contrast": {
        "mean": 245.836666,
        "std": 111.399817,
        "min": 97.564301,
        "max": 412.289429,
        "samples": 10
      },
      "periodicity_score": {
        "mean": 0.161211,
        "std": 0.147312,
        "min": 0.0,
        "max": 0.394383,
        "samples": 10
      },
      "tile_similarity": {
        "mean": -0.02487,
        "std": 0.130919,
        "min": -0.252458,
        "max": 0.249284,
        "samples": 10
      },
      "texture_complexity": {
        "mean": 0.353105,
        "std": 0.176753,
        "min": 0.080454,
        "max": 0.624644,
        "samples": 10
      },
      "gradient_complexity": {
        "mean": 0.848185,
        "std": 0.313622,
        "min": 0.014661,
        "max": 1.0,