{
  "name": "Gruvbox",
  "tags": [
    "cyborg",
    "knight",
    "mech",
    "poster",
    "robot",
    "sword",
    "wizard"
  ],
  "prompt": "Gruvbox wallpapers feature a cartoonish art style with a vibrant blue-green color scheme and often depict dramatic scenes of cyborgs or futuristic man characters.",
  "palette_weights": {
    "Black": 0.653048,
    "Orange": 0.015091,
    "Teal-Cyan": 0.057914,
    "Green": 0.101826,
    "Gray": 0.035901,
    "White": 0.005009,
    "Yellow": 0.009652,
    "Blue": 0.026844,
    "Red": 0.089528,
    "Pink-Magenta": 0.005186
  },
  "heuristic_pattern": {
    "features": {
      "colorfulness": {
        "mean": 0.316511,
        "std": 0.250365,
        "min": 0.069779,
        "max": 1.048459,
        "samples": 15
      },
      "hsv_S_mean": {
        "mean": 111.28118,
        "std": 69.286085,
        "min": 14.249984,
        "max": 232.284977,
        "samples": 15
      },
      "hsv_S_std": {
        "mean": 43.20983,
        "std": 26.202701,
        "min": 8.05143,
        "max": 100.664785,
        "samples": 15
      },
      "hsv_V_mean": {
        "mean": 91.289559,
        "std": 55.921939,
        "min": 15.784866,
        "max": 185.958963,
        "samples": 15
      },
      "hsv_V_std": {
        "mean": 46.358425,
        "std": 24.565723,
        "min": 12.165557,
        "max": 116.703714,
        "samples": 15
      },
      "lab_warm_bias": {
        "mean": 130.847083,
        "std": 15.175282,
        "min": 112.906242,
        "max": 168.406036,
        "samples": 15
      },
      "lab_chroma_mean": {
        "mean": 185.592912,
        "std": 21.342921,
        "min": 160.086655,
        "max": 238.570419,
        "samples": 15
      },
      "sat_low_fraction": {
        "mean": 0.411787,
        "std": 0.418269,
        "min": 4.1e-05,
        "max": 0.979692,
        "samples": 15
      },
      "sat_high_fraction": {
        "mean": 0.261252,
        "std": 0.32301,
        "min": 0.0,
        "max": 0.887743,
        "samples": 15
      },
      "sat_variance": {
        "mean": 0.038568,
        "std": 0.043462,
        "min": 0.000997,
        "max": 0.155839,
        "samples": 15
      },
      "sat_bimodal": {
        "mean": 0.066667,
        "std": 0.258199,
        "min": 0.0,
        "max": 1.0,
        "samples": 15
      },
      "edge_density": {
        "mean": 1.0,
        "std": 0.0,
        "min": 1.0,
        "max": 1.0,
        "samples": 15
      },
      "texture_entropy": {
        "mean": 1.896824,
        "std": 1.346627,
        "min": 0.085736,
        "max": 3.96103,
        "samples": 15
      },
      "texture_energy": {
        "mean": 7252.896884,
        "std": 7747.669279,
        "min": 216.925542,
        "max": 27129.864691,
        "samples": 15
      },
      "texture_contrast": {
        "mean": 40.773294,
        "std": 28.535981,
        "min": 7.189895,
        "max": 115.988761,
        "samples": 15
      },
      "silhouette_ratio": {
        "mean": 0.326111,
        "std": 0.256768,
        "min": 0.022767,
        "max": 0.96785,
        "samples": 15
      },
      "hog_energy": {
        "mean": 225.04212,
        "std": 337.686083,
        "min": 4.425373,
        "max": 1215.99625,
        "samples": 15
      },
      "high_low_ratio": {
        "mean": 31.95338,
        "std": 2.86183,
        "min": 27.04311,
        "max": 35.657722,
        "samples": 15
      },
      "anime_score": {
        "mean": 0.269557,
        "std": 0.320715,
        "min": 0.0,
        "max": 0.969956,
        "samples": 15
      },
      "cyberpunk_score": {
        "mean": 0.073523,
        "std": 0.147867,
        "min": 0.0,
        "max": 0.545505,
        "samples": 15
      },
      "space_score": {
        "mean": 0.350489,
        "std": 0.407089,
        "min": 0.0,
        "max": 1.0,
        "samples": 15
      },
      "nature_score": {
        "mean": 0.247741,
        "std": 0.362911,
        "min": 0.0,
        "max": 1.0,
        "samples": 15
      },
      "neon_score": {
        "mean": 0.035388,
        "std": 0.066228,
        "min": 0.0,
        "max": 0.204204,
        "samples": 15
      },
      "pastel_score": {
        "mean": 0.099343,
        "std": 0.255728,
        "min": 0.0,
        "max": 0.991991,
        "samples": 15
      },
      "vw_score": {
        "mean": 0.039162,
        "std": 0.104089,
        "min": 0.0,
        "max": 0.401327,
        "samples": 15
      },
      "sepia_score": {
        "mean": 0.004324,
        "std": 0.016748,
        "min": 0.0,
        "max": 0.064866,
        "samples": 15
      },
      "vintage_score": {
        "mean": 0.003516,
        "std": 0.011618,
        "min": 0.0,
        "max": 0.044866,
        "samples": 15
      },
      "tenengrad": {
        "mean": 0.0,
        "std": 0.0,
        "min": 0.0,
        "max": 0.0,
        "samples": 15
      },
      "sharpness": {
        "mean": 498.499063,
        "std": 250.355262,
        "min": 95.946747,
        "max": 917.521118,
        "samples": 15
      },
      "aesthetic": {
        "mean": 0.625941,
        "std": 0.13326,
        "min": 0.398769,
        "max": 0.808396,
        "samples": 15
      },
      "noise_estimate": {
        "mean": 0.0,
        "std": 0.0,
        "min": 0.0,
        "max": 0.0,
        "samples": 15
      },
      "bris_quality_score": {
        "mean": 0.095039,
        "std": 0.250051,
        "min": 0.0,
        "max": 0.944706,
        "samples": 15
      },
      "dct_low_energy": {
        "mean": 0.0,
        "std": 0.0,
        "min": 0.0,
        "max": 0.0,
        "samples": 15
      },
      "dct_high_energy": {
        "mean": 0.0,
        "std": 0.0,
        "min": 0.0,
        "max": 0.0,
        "samples": 15
      },
      "centeredness": {
        "mean": 0.5,
        "std": 0.0,
        "min": 0.5,
        "max": 0.5,
        "samples": 15
      },
      "thirds_score": {
        "mean": 0.0,
        "std": 0.0,
        "min": 0.0,
        "max": 0.0,
        "samples": 15
      },
      "diagonal_strength": {
        "mean": 0.0,
        "std": 0.0,
        "min": 0.0,
        "max": 0.0,
        "samples": 15
      },
      "depth_score": {
        "mean": 0.5,
        "std": 0.0,
        "min": 0.5,
        "max": 0.5,
        "samples": 15
      },
      "depth_gradient": {
        "mean": 0.0,
        "std": 0.0,
        "min": 0.0,
        "max": 0.0,
        "samples": 15
      },
      "saliency_concentration": {
        "mean": 0.5,
        "std": 0.0,
        "min": 0.5,
        "max": 0.5,
        "samples": 15
      },
      "subject_area_ratio": {
        "mean": 0.5,
        "std": 0.0,
        "min": 0.5,
        "max": 0.5,
        "samples": 15
      },
      "fg_bg_contrast": {
        "mean": 0.0,
        "std": 0.0,
        "min": 0.0,
        "max": 0.0,
        "samples": 15
      },
      "periodicity_score": {
        "mean": 0.0,
        "std": 0.0,
        "min": 0.0,
        "max": 0.0,
        "samples": 15
      },
      "tile_similarity": {
        "mean": 0.0,
        "std": 0.0,
        "min": 0.0,
        "max": 0.0,
        "samples": 15
      },
      "texture_complexity": {
        "mean": 0.5,
        "std": 0.0,
        "min": 0.5,
        "max": 0.5,
        "samples": 15
      },
      "gradient_complexity": {
        "mean": 0.5,
        "std": 0.0,
        "min": 0.5,
        "max": 0.5,
        "samples": 15
      },
      "local_variance": {
        "mean": 0.0,
        "std": 0.0,
        "min": 0.0,
        "max": 0.0,
        "samples": 15
      },
      "h_symmetry": {
        "mean": 0.431797,
        "std": 0.238216,
        "min": 0.016752,
        "max": 0.872864,
        "samples": 15
      },
      "v_symmetry": {
        "mean": 0.326832,
        "std": 0.200342,
        "min": 0.077808,
        "max": 0.598729,
        "samples": 15
      },
      "point_symmetry": {
        "mean": 0.158038,