{
  "name": "Phone",
  "tags": [
    "phone",
    "mobile",
    "vertical",
    "portrait",
    "square"
  ],
  "prompt": "Vertical and square images collected for phone wallpapers.",
  "palette_weights": {},
  "heuristic_pattern": {
    "features": {
      "colorfulness": {
        "mean": 0.197649,
        "std": 0.108331,
        "min": 0.08603,
        "max": 0.41246,
        "samples": 10
      },
      "hsv_S_mean": {
        "mean": 48.813897,
        "std": 27.265951,
        "min": 15.88419,
        "max": 99.304,
        "samples": 10
      },
      "hsv_S_std": {
        "mean": 38.716979,
        "std": 13.156981,
        "min": 19.496839,
        "max": 59.600775,
        "samples": 10
      },
      "hsv_V_mean": {
        "mean": 177.255365,
        "std": 42.052319,
        "min": 89.38126,
        "max": 223.61463,
        "samples": 10
      },
      "hsv_V_std": {
        "mean": 60.946885,
        "std": 9.612283,
        "min": 45.128578,
        "max": 75.597734,
        "samples": 10
      },
      "lab_warm_bias": {
        "mean": 131.681865,
        "std": 5.042334,
        "min": 123.168701,
        "max": 142.800446,
        "samples": 10
      },
      "lab_chroma_mean": {
        "mean": 186.576064,
        "std": 7.194296,
        "min": 175.286133,
        "max": 202.727997,
        "samples": 10
      },
      "sat_low_fraction": {
        "mean": 0.765572,
        "std": 0.183888,
        "min": 0.4509,
        "max": 0.98039,
        "samples": 10
      },
      "sat_high_fraction": {
        "mean": 0.019618,
        "std": 0.04343,
        "min": 0.0,
        "max": 0.1403,
        "samples": 10
      },
      "sat_variance": {
        "mean": 0.025449,
        "std": 0.016171,
        "min": 0.005846,
        "max": 0.054629,
        "samples": 10
      },
      "sat_bimodal": {
        "mean": 0.0,
        "std": 0.0,
        "min": 0.0,
        "max": 0.0,
        "samples": 10
      },
      "edge_density": {
        "mean": 0.055449,
        "std": 0.04478,
        "min": 0.022754,
        "max": 0.176,
        "samples": 10
      },
      "mean_edge_magnitude": {
        "mean": 149.224424,
        "std": 95.814859,
        "min": 56.384186,
        "max": 353.252899,
        "samples": 10
      },
      "texture_entropy": {
        "mean": 2.959432,
        "std": 0.907978,
        "min": 1.335554,
        "max": 3.892353,
        "samples": 10
      },
      "texture_energy": {
        "mean": 30933.989046,
        "std": 13494.176228,
        "min": 8689.768219,
        "max": 51136.971598,
        "samples": 10
      },
      "texture_contrast": {
        "mean": 521.990693,
        "std": 783.17884,
        "min": 66.936714,
        "max": 2064.46175,
        "samples": 10
      },
      "silhouette_ratio": {
        "mean": 0.615318,
        "std": 0.159001,
        "min": 0.244253,
        "max": 0.784789,
        "samples": 10
      },
      "hog_energy": {
        "mean": 430.321808,
        "std": 66.261717,
        "min": 290.518555,
        "max": 463.72464,
        "samples": 10
      },
      "high_low_ratio": {
        "mean": 21.803787,
        "std": 4.030198,
        "min": 16.223656,
        "max": 27.649237,
        "samples": 10
      },
      "anime_score": {
        "mean": 0.030465,
        "std": 0.096339,
        "min": 0.0,
        "max": 0.30465,
        "samples": 10
      },
      "cyberpunk_score": {
        "mean": 0.016248,
        "std": 0.051381,
        "min": 0.0,
        "max": 0.16248,
        "samples": 10
      },
      "space_score": {
        "mean": 0.045325,
        "std": 0.076401,
        "min": 0.0,
        "max": 0.192685,
        "samples": 10
      },
      "nature_score": {
        "mean": 0.17083,
        "std": 0.140394,
        "min": 0.0,
        "max": 0.396523,
        "samples": 10
      },
      "neon_score": {
        "mean": 0.0,
        "std": 0.0,
        "min": 0.0,
        "max": 0.0,
        "samples": 10
      },
      "pastel_score": {
        "mean": 0.136481,
        "std": 0.133323,
        "min": 0.0,
        "max": 0.343725,
        "samples": 10
      },
      "vw_score": {
        "mean": 0.02031,
        "std": 0.064226,
        "min": 0.0,
        "max": 0.2031,
        "samples": 10
      },
      "sepia_score": {
        "mean": 0.047302,
        "std": 0.045663,
        "min": 0.0,
        "max": 0.107801,
        "samples": 10
      },
      "vintage_score": {
        "mean": 0.073453,
        "std": 0.232277,
        "min": 0.0,
        "max": 0.734525,
        "samples": 10
      },
      "tenengrad": {
        "mean": 17884.850049,
        "std": 22854.926198,
        "min": 3409.740723,
        "max": 68900.414062,
        "samples": 10
      },
      "sharpness": {
        "mean": 1980.557831,
        "std": 2186.981061,
        "min": 608.445923,
        "max": 7618.912598,
        "samples": 10
      },
      "aesthetic": {
        "mean": 0.679109,
        "std": 0.093036,
        "min": 0.603762,
        "max": 0.876321,
        "samples": 10
      },
      "noise_estimate": {
        "mean": 13.343217,
        "std": 35.021532,
        "min": 0.0,
        "max": 112.676056,
        "samples": 10
      },
      "bris_quality_score": {
        "mean": 0.429172,
        "std": 0.373333,
        "min": 0.0,
        "max": 1.0,
        "samples": 10
      },
      "dct_low_energy": {
        "mean": 0.188748,
        "std": 0.088561,
        "min": 0.103049,
        "max": 0.413738,
        "samples": 10
      },
      "dct_high_energy": {
        "mean": 0.811252,
        "std": 0.088561,
        "min": 0.586262,
        "max": 0.896951,
        "samples": 10
      },
      "centeredness": {
        "mean": 0.835857,
        "std": 0.079316,
        "min": 0.737305,
        "max": 0.973337,
        "samples": 10
      },
      "thirds_score": {
        "mean": 0.049781,
        "std": 0.024718,
        "min": 0.016463,
        "max": 0.098831,
        "samples": 10
      },
      "diagonal_strength": {
        "mean": 0.143051,
        "std": 0.059261,
        "min": 0.084942,
        "max": 0.295854,
        "samples": 10
      },
      "depth_score": {
        "mean": 0.813239,
        "std": 0.277378,
        "min": 0.326174,
        "max": 1.0,
        "samples": 10
      },
      "depth_gradient": {
        "mean": 0.203699,
        "std": 0.141769,
        "min": 0.068487,
        "max": 0.513445,
        "samples": 10
      },
      "saliency_concentration": {
        "mean": 0.227286,
        "std": 0.045398,
        "min": 0.15817,
        "max": 0.294549,
        "samples": 10
      },
      "subject_area_ratio": {
        "mean": 0.582309,
        "std": 0.344609,
        "min": 0.102101,
        "max": 0.998715,
        "samples": 10
      },
      "fg_bg_contrast": {
        "mean": 213.152258,
        "std": 52.980331,
        "min": 151.52449,
        "max": 325.871674,
        "samples": 10
      },
      "periodicity_score": {
        "mean": 0.181379,
        "std": 0.126435,
        "min": 0.0,
        "max": 0.28544,
        "samples": 10
      },
      "tile_similarity": {
        "mean": 0.013648,
        "std": 0.107036,
        "min": -0.14184,
        "max": 0.239657,
        "samples": 10
      },
      "texture_complexity": {
        "mean": 0.479436,
        "std": 0.203812,
        "min": 0.274401,
        "max": 1.0,
        "samples": 10
      },
      "gradient_complexity": {
        "mean": 1.0,
        "std": 0.0,
        "min": 1.0,
        "max": 1.0,
        "samples": 10
      },
      "local_variance": {
        "mean": 767.884383,
        "std": 849.04315,
        "min": 208.366364,
        "max": 2955.326904,
        "samples": 10
      },
      "entropy": {
        "mean": 5.737758,
        "std": 1.952457,
        "min": 1.960117,
        "max": 7.579726,
        "samples": 10
      },
      "h_symmetry": {
        "mean": 0.314817,
        "std": 0.221708,
        "min": 0.0,