{
  "name": "Phone",
  "tags": [
    "phone",
    "mobile",
    "vertical",
    "portrait",
    "square"
  ],
  "prompt": "Vertical and square images collected for phone wallpapers.",
  "palette_weights": {},
  "heuristic_pattern": {
    "features": {
      "colorfulness": {
        "mean": 0.164966,
        "std": 0.118596,
        "min": 0.008318,
        "max": 0.41246,
        "samples": 10
      },
      "hsv_S_mean": {
        "mean": 49.772188,
        "std": 34.756447,
        "min": 1.355695,
        "max": 99.304,
        "samples": 10
      },
      "hsv_S_std": {
        "mean": 40.369325,
        "std": 16.665088,
        "min": 9.56298,
        "max": 67.398048,
        "samples": 10
      },
      "hsv_V_mean": {
        "mean": 175.53775,
        "std": 62.113887,
        "min": 63.96743,
        "max": 242.433188,
        "samples": 10
      },
      "hsv_V_std": {
        "mean": 58.234254,
        "std": 21.099795,
        "min": 27.092919,
        "max": 94.689016,
        "samples": 10
      },
      "lab_warm_bias": {
        "mean": 130.506311,
        "std": 5.056203,
        "min": 123.168701,
        "max": 142.800446,
        "samples": 10
      },
      "lab_chroma_mean": {
        "mean": 184.883282,
        "std": 7.16685,
        "min": 175.286133,
        "max": 202.727997,
        "samples": 10
      },
      "sat_low_fraction": {
        "mean": 0.762633,
        "std": 0.195245,
        "min": 0.4509,
        "max": 0.998153,
        "samples": 10
      },
      "sat_high_fraction": {
        "mean": 0.037916,
        "std": 0.054305,
        "min": 0.0,
        "max": 0.1403,
        "samples": 10
      },
      "sat_variance": {
        "mean": 0.028906,
        "std": 0.020825,
        "min": 0.001406,
        "max": 0.069858,
        "samples": 10
      },
      "sat_bimodal": {
        "mean": 0.0,
        "std": 0.0,
        "min": 0.0,
        "max": 0.0,
        "samples": 10
      },
      "edge_density": {
        "mean": 0.056812,
        "std": 0.045201,
        "min": 0.027502,
        "max": 0.176,
        "samples": 10
      },
      "mean_edge_magnitude": {
        "mean": 202.323405,
        "std": 141.506121,
        "min": 38.296394,
        "max": 505.022949,
        "samples": 10
      },
      "texture_entropy": {
        "mean": 2.664437,
        "std": 0.947348,
        "min": 1.334461,
        "max": 3.86105,
        "samples": 10
      },
      "texture_energy": {
        "mean": 33403.916052,
        "std": 19621.921555,
        "min": 4376.491753,
        "max": 55469.987414,
        "samples": 10
      },
      "texture_contrast": {
        "mean": 640.545004,
        "std": 753.275798,
        "min": 38.722112,
        "max": 2064.46175,
        "samples": 10
      },
      "silhouette_ratio": {
        "mean": 0.646498,
        "std": 0.245625,
        "min": 0.086558,
        "max": 0.84963,
        "samples": 10
      },
      "hog_energy": {
        "mean": 434.049017,
        "std": 47.952502,
        "min": 325.960266,
        "max": 463.789612,
        "samples": 10
      },
      "high_low_ratio": {
        "mean": 28.120869,
        "std": 9.382587,
        "min": 17.21653,
        "max": 49.058716,
        "samples": 10
      },
      "anime_score": {
        "mean": 0.051587,
        "std": 0.110962,
        "min": 0.0,
        "max": 0.30465,
        "samples": 10
      },
      "cyberpunk_score": {
        "mean": 0.020252,
        "std": 0.051534,
        "min": 0.0,
        "max": 0.16248,
        "samples": 10
      },
      "space_score": {
        "mean": 0.097735,
        "std": 0.12638,
        "min": 0.0,
        "max": 0.314643,
        "samples": 10
      },
      "nature_score": {
        "mean": 0.14969,
        "std": 0.193309,
        "min": 0.0,
        "max": 0.643527,
        "samples": 10
      },
      "neon_score": {
        "mean": 0.004004,
        "std": 0.012661,
        "min": 0.0,
        "max": 0.040037,
        "samples": 10
      },
      "pastel_score": {
        "mean": 0.090675,
        "std": 0.09879,
        "min": 0.0,
        "max": 0.343725,
        "samples": 10
      },
      "vw_score": {
        "mean": 0.02031,
        "std": 0.064226,
        "min": 0.0,
        "max": 0.2031,
        "samples": 10
      },
      "sepia_score": {
        "mean": 0.049835,
        "std": 0.071365,
        "min": 0.0,
        "max": 0.198527,
        "samples": 10
      },
      "vintage_score": {
        "mean": 0.027897,
        "std": 0.063064,
        "min": 0.0,
        "max": 0.201404,
        "samples": 10
      },
      "tenengrad": {
        "mean": 22843.486572,
        "std": 22138.375859,
        "min": 1858.261719,
        "max": 68900.414062,
        "samples": 10
      },
      "sharpness": {
        "mean": 2246.788165,
        "std": 2110.526808,
        "min": 540.160034,
        "max": 7618.912598,
        "samples": 10
      },
      "aesthetic": {
        "mean": 0.658295,
        "std": 0.11804,
        "min": 0.535724,
        "max": 0.879149,
        "samples": 10
      },
      "noise_estimate": {
        "mean": 12.453669,
        "std": 35.286919,
        "min": 0.0,
        "max": 112.676056,
        "samples": 10
      },
      "bris_quality_score": {
        "mean": 0.435899,
        "std": 0.381395,
        "min": 0.0,
        "max": 1.0,
        "samples": 10
      },
      "dct_low_energy": {
        "mean": 0.159718,
        "std": 0.093264,
        "min": 0.101973,
        "max": 0.413738,
        "samples": 10
      },
      "dct_high_energy": {
        "mean": 0.840282,
        "std": 0.093264,
        "min": 0.586262,
        "max": 0.898027,
        "samples": 10
      },
      "centeredness": {
        "mean": 0.885338,
        "std": 0.091431,
        "min": 0.75454,
        "max": 0.991774,
        "samples": 10
      },
      "thirds_score": {
        "mean": 0.045376,
        "std": 0.016229,
        "min": 0.02258,
        "max": 0.074695,
        "samples": 10
      },
      "diagonal_strength": {
        "mean": 0.142207,
        "std": 0.057677,
        "min": 0.084942,
        "max": 0.295854,
        "samples": 10
      },
      "depth_score": {
        "mean": 0.840348,
        "std": 0.310554,
        "min": 0.244392,
        "max": 1.0,
        "samples": 10
      },
      "depth_gradient": {
        "mean": 0.165049,
        "std": 0.109823,
        "min": 0.057596,
        "max": 0.392303,
        "samples": 10
      },
      "saliency_concentration": {
        "mean": 0.269106,
        "std": 0.066989,
        "min": 0.15817,
        "max": 0.354302,
        "samples": 10
      },
      "subject_area_ratio": {
        "mean": 0.537933,
        "std": 0.337185,
        "min": 0.025884,
        "max": 0.999116,
        "samples": 10
      },
      "fg_bg_contrast": {
        "mean": 242.894834,
        "std": 89.481102,
        "min": 92.752464,
        "max": 385.708618,
        "samples": 10
      },
      "periodicity_score": {
        "mean": 0.131208,
        "std": 0.140533,
        "min": 0.0,
        "max": 0.312665,
        "samples": 10
      },
      "tile_similarity": {
        "mean": 0.055938,
        "std": 0.078608,
        "min": -0.033927,
        "max": 0.239657,
        "samples": 10
      },
      "texture_complexity": {
        "mean": 0.529747,
        "std": 0.202432,
        "min": 0.311951,
        "max": 1.0,
        "samples": 10
      },
      "gradient_complexity": {
        "mean": 1.0,
        "std": 0.0,
        "min": 1.0,
        "max": 1.0,
        "samples": 10
      },
      "local_variance": {
        "mean": 979.746733,
        "std": 836.505391,
        "min": 115.687286,
        "max": 2955.326904,
        "samples": 10
      },
      "entropy": {
        "mean": 5.239436,
        "std": 1.992778,
        "min": 1.960117,
        "max": 7.421831,
        "samples": 10
      },
      "h_symmetry": {
        "mean": 0.317957,
        "std": 0.194328,