{
  "name": "Minecraft",
  "tags": [
    "castle",
    "poster",
    "screenshot"
  ],
  "prompt": "Minecraft wallpapers feature a unified set of vector illustrations inspired by classic video game elements, showcasing vibrant blues in various shades from azure to navy, often depicting procedurally generated landscapes and structures like forests, rivers, and ancient ruins with a calm, retro-futuristic mood.",
  "palette_weights": {
    "Black": 0.378673,
    "Blue": 0.225022,
    "Purple": 0.054729,
    "Pink-Magenta": 0.043817,
    "Gray": 0.013618,
    "Red": 0.075176,
    "Orange": 0.163414,
    "White": 0.000736,
    "Yellow": 0.013552,
    "Green": 0.031263
  },
  "heuristic_pattern": {
    "features": {
      "colorfulness": {
        "mean": 0.300084,
        "std": 0.206985,
        "min": 0.026958,
        "max": 0.681104,
        "samples": 15
      },
      "hsv_S_mean": {
        "mean": 113.407882,
        "std": 44.241457,
        "min": 29.466165,
        "max": 200.596502,
        "samples": 15
      },
      "hsv_S_std": {
        "mean": 37.015032,
        "std": 14.885586,
        "min": 2.303552,
        "max": 63.216278,
        "samples": 15
      },
      "hsv_V_mean": {
        "mean": 114.325191,
        "std": 61.115514,
        "min": 9.986109,
        "max": 192.497713,
        "samples": 15
      },
      "hsv_V_std": {
        "mean": 43.672569,
        "std": 22.642137,
        "min": 6.707129,
        "max": 80.471099,
        "samples": 15
      },
      "lab_warm_bias": {
        "mean": 128.099373,
        "std": 10.973166,
        "min": 107.303955,
        "max": 149.284775,
        "samples": 15
      },
      "lab_chroma_mean": {
        "mean": 182.062026,
        "std": 15.477575,
        "min": 152.310272,
        "max": 211.955032,
        "samples": 15
      },
      "sat_low_fraction": {
        "mean": 0.282257,
        "std": 0.238718,
        "min": 0.009712,
        "max": 0.910437,
        "samples": 15
      },
      "sat_high_fraction": {
        "mean": 0.137215,
        "std": 0.251302,
        "min": 0.0,
        "max": 0.721079,
        "samples": 15
      },
      "sat_variance": {
        "mean": 0.024251,
        "std": 0.016031,
        "min": 8.2e-05,
        "max": 0.061458,
        "samples": 15
      },
      "sat_bimodal": {
        "mean": 0.0,
        "std": 0.0,
        "min": 0.0,
        "max": 0.0,
        "samples": 15
      },
      "edge_density": {
        "mean": 1.0,
        "std": 0.0,
        "min": 1.0,
        "max": 1.0,
        "samples": 15
      },
      "texture_entropy": {
        "mean": 2.935216,
        "std": 1.025987,
        "min": 0.565507,
        "max": 3.901869,
        "samples": 15
      },
      "texture_energy": {
        "mean": 11703.724648,
        "std": 10760.076757,
        "min": 79.955864,
        "max": 37597.096619,
        "samples": 15
      },
      "texture_contrast": {
        "mean": 120.99637,
        "std": 164.679451,
        "min": 0.605754,
        "max": 627.209876,
        "samples": 15
      },
      "silhouette_ratio": {
        "mean": 0.477332,
        "std": 0.157161,
        "min": 0.319907,
        "max": 0.922093,
        "samples": 15
      },
      "hog_energy": {
        "mean": 195.150596,
        "std": 627.425867,
        "min": 2.19738,
        "max": 2447.18654,
        "samples": 15
      },
      "high_low_ratio": {
        "mean": 34.20426,
        "std": 6.797203,
        "min": 16.815163,
        "max": 47.558968,
        "samples": 15
      },
      "anime_score": {
        "mean": 0.235225,
        "std": 0.371332,
        "min": 0.0,
        "max": 1.0,
        "samples": 15
      },
      "cyberpunk_score": {
        "mean": 0.084509,
        "std": 0.206978,
        "min": 0.0,
        "max": 0.75777,
        "samples": 15
      },
      "space_score": {
        "mean": 0.207541,
        "std": 0.310256,
        "min": 0.0,
        "max": 1.0,
        "samples": 15
      },
      "nature_score": {
        "mean": 0.345467,
        "std": 0.321148,
        "min": 0.0,
        "max": 0.947212,
        "samples": 15
      },
      "neon_score": {
        "mean": 0.02822,
        "std": 0.074515,
        "min": 0.0,
        "max": 0.2183,
        "samples": 15
      },
      "pastel_score": {
        "mean": 0.081136,
        "std": 0.158948,
        "min": 0.0,
        "max": 0.47208,
        "samples": 15
      },
      "vw_score": {
        "mean": 0.063147,
        "std": 0.244569,
        "min": 0.0,
        "max": 0.947212,
        "samples": 15
      },
      "sepia_score": {
        "mean": 0.05669,
        "std": 0.134192,
        "min": 0.0,
        "max": 0.490708,
        "samples": 15
      },
      "vintage_score": {
        "mean": 0.004369,
        "std": 0.01692,
        "min": 0.0,
        "max": 0.065531,
        "samples": 15
      },
      "tenengrad": {
        "mean": 0.0,
        "std": 0.0,
        "min": 0.0,
        "max": 0.0,
        "samples": 15
      },
      "sharpness": {
        "mean": 625.933182,
        "std": 500.834981,
        "min": 90.164902,
        "max": 1367.479126,
        "samples": 15
      },
      "aesthetic": {
        "mean": 0.571556,
        "std": 0.13865,
        "min": 0.332567,
        "max": 0.786519,
        "samples": 15
      },
      "noise_estimate": {
        "mean": 0.0,
        "std": 0.0,
        "min": 0.0,
        "max": 0.0,
        "samples": 15
      },
      "bris_quality_score": {
        "mean": 0.430811,
        "std": 0.399588,
        "min": 0.0,
        "max": 1.0,
        "samples": 15
      },
      "dct_low_energy": {
        "mean": 0.0,
        "std": 0.0,
        "min": 0.0,
        "max": 0.0,
        "samples": 15
      },
      "dct_high_energy": {
        "mean": 0.0,
        "std": 0.0,
        "min": 0.0,
        "max": 0.0,
        "samples": 15
      },
      "centeredness": {
        "mean": 0.5,
        "std": 0.0,
        "min": 0.5,
        "max": 0.5,
        "samples": 15
      },
      "thirds_score": {
        "mean": 0.0,
        "std": 0.0,
        "min": 0.0,
        "max": 0.0,
        "samples": 15
      },
      "diagonal_strength": {
        "mean": 0.0,
        "std": 0.0,
        "min": 0.0,
        "max": 0.0,
        "samples": 15
      },
      "depth_score": {
        "mean": 0.5,
        "std": 0.0,
        "min": 0.5,
        "max": 0.5,
        "samples": 15
      },
      "depth_gradient": {
        "mean": 0.0,
        "std": 0.0,
        "min": 0.0,
        "max": 0.0,
        "samples": 15
      },
      "saliency_concentration": {
        "mean": 0.5,
        "std": 0.0,
        "min": 0.5,
        "max": 0.5,
        "samples": 15
      },
      "subject_area_ratio": {
        "mean": 0.5,
        "std": 0.0,
        "min": 0.5,
        "max": 0.5,
        "samples": 15
      },
      "fg_bg_contrast": {
        "mean": 0.0,
        "std": 0.0,
        "min": 0.0,
        "max": 0.0,
        "samples": 15
      },
      "periodicity_score": {
        "mean": 0.0,
        "std": 0.0,
        "min": 0.0,
        "max": 0.0,
        "samples": 15
      },
      "tile_similarity": {
        "mean": 0.0,
        "std": 0.0,
        "min": 0.0,
        "max": 0.0,
        "samples": 15
      },
      "texture_complexity": {
        "mean": 0.5,
        "std": 0.0,
        "min": 0.5,
        "max": 0.5,
        "samples": 15
      },
      "gradient_complexity": {
        "mean": 0.5,
        "std": 0.0,
        "min": 0.5,
        "max": 0.5,
        "samples": 15
      },
      "local_variance": {
        "mean": 0.0,
        "std": 0.0,
        "min": 0.0,
        "max": 0.0,
        "samples": 15
      },
      "h_symmetry": {
        "mean": 0.439695,
        "std": 0.295255,
        "min": 0.045995,
        "max": 0.942813,
        "samples": 15
      },
      "v_symmetry": {
        "mean": 0.296987,
        "std": 0.269772,
        "min": 0.0,
        "max": 0.813101,