{
  "name": "Minecraft",
  "tags": [
    "castle",
    "poster",
    "screenshot"
  ],
  "prompt": "Minecraft wallpapers feature a unified set of vector illustrations inspired by classic video game elements, showcasing vibrant blues in various shades from azure to navy, often depicting procedurally generated landscapes and structures like forests, rivers, and ancient ruins with a calm, retro-futuristic mood.",
  "palette_weights": {
    "Black": 0.378673,
    "Blue": 0.225022,
    "Purple": 0.054729,
    "Pink-Magenta": 0.043817,
    "Gray": 0.013618,
    "Red": 0.075176,
    "Orange": 0.163414,
    "White": 0.000736,
    "Yellow": 0.013552,
    "Green": 0.031263
  },
  "heuristic_pattern": {
    "features": {
      "colorfulness": {
        "mean": 0.29189,
        "std": 0.233914,
        "min": 0.026958,
        "max": 0.812559,
        "samples": 10
      },
      "hsv_S_mean": {
        "mean": 113.791875,
        "std": 52.71997,
        "min": 53.324108,
        "max": 234.309936,
        "samples": 10
      },
      "hsv_S_std": {
        "mean": 35.796904,
        "std": 13.637104,
        "min": 2.303552,
        "max": 47.085896,
        "samples": 10
      },
      "hsv_V_mean": {
        "mean": 108.255933,
        "std": 63.187495,
        "min": 9.986109,
        "max": 202.622136,
        "samples": 10
      },
      "hsv_V_std": {
        "mean": 46.764078,
        "std": 23.558836,
        "min": 6.707129,
        "max": 67.741861,
        "samples": 10
      },
      "lab_warm_bias": {
        "mean": 130.051592,
        "std": 8.100264,
        "min": 116.459885,
        "max": 142.796722,
        "samples": 10
      },
      "lab_chroma_mean": {
        "mean": 186.343457,
        "std": 9.392658,
        "min": 176.062119,
        "max": 202.022446,
        "samples": 10
      },
      "sat_low_fraction": {
        "mean": 0.314737,
        "std": 0.243058,
        "min": 0.02167,
        "max": 0.796531,
        "samples": 10
      },
      "sat_high_fraction": {
        "mean": 0.180264,
        "std": 0.330604,
        "min": 0.0,
        "max": 0.966057,
        "samples": 10
      },
      "sat_variance": {
        "mean": 0.022281,
        "std": 0.011115,
        "min": 8.2e-05,
        "max": 0.034096,
        "samples": 10
      },
      "sat_bimodal": {
        "mean": 0.0,
        "std": 0.0,
        "min": 0.0,
        "max": 0.0,
        "samples": 10
      },
      "edge_density": {
        "mean": 0.047407,
        "std": 0.060373,
        "min": 0.0,
        "max": 0.155094,
        "samples": 10
      },
      "mean_edge_magnitude": {
        "mean": 56.301932,
        "std": 57.74584,
        "min": 7.657382,
        "max": 175.547485,
        "samples": 10
      },
      "texture_entropy": {
        "mean": 3.145755,
        "std": 0.913052,
        "min": 1.541762,
        "max": 3.927939,
        "samples": 10
      },
      "texture_energy": {
        "mean": 10100.369717,
        "std": 9243.712029,
        "min": 79.955864,
        "max": 27120.762469,
        "samples": 10
      },
      "texture_contrast": {
        "mean": 121.089323,
        "std": 171.076636,
        "min": 0.605754,
        "max": 543.718141,
        "samples": 10
      },
      "silhouette_ratio": {
        "mean": 0.322041,
        "std": 0.157845,
        "min": 0.062834,
        "max": 0.571213,
        "samples": 10
      },
      "hog_energy": {
        "mean": 461.340488,
        "std": 6.956895,
        "min": 441.599243,
        "max": 463.908081,
        "samples": 10
      },
      "high_low_ratio": {
        "mean": 34.099007,
        "std": 7.765309,
        "min": 16.527557,
        "max": 47.558968,
        "samples": 10
      },
      "anime_score": {
        "mean": 0.15627,
        "std": 0.320361,
        "min": 0.0,
        "max": 1.0,
        "samples": 10
      },
      "cyberpunk_score": {
        "mean": 0.021518,
        "std": 0.068047,
        "min": 0.0,
        "max": 0.215185,
        "samples": 10
      },
      "space_score": {
        "mean": 0.238661,
        "std": 0.358885,
        "min": 0.0,
        "max": 1.0,
        "samples": 10
      },
      "nature_score": {
        "mean": 0.304027,
        "std": 0.298998,
        "min": 0.0,
        "max": 0.757876,
        "samples": 10
      },
      "neon_score": {
        "mean": 0.013836,
        "std": 0.043754,
        "min": 0.0,
        "max": 0.138363,
        "samples": 10
      },
      "pastel_score": {
        "mean": 0.108053,
        "std": 0.190328,
        "min": 0.0,
        "max": 0.47208,
        "samples": 10
      },
      "vw_score": {
        "mean": 0.0,
        "std": 0.0,
        "min": 0.0,
        "max": 0.0,
        "samples": 10
      },
      "sepia_score": {
        "mean": 0.086214,
        "std": 0.159082,
        "min": 0.0,
        "max": 0.490708,
        "samples": 10
      },
      "vintage_score": {
        "mean": 0.006553,
        "std": 0.020723,
        "min": 0.0,
        "max": 0.065531,
        "samples": 10
      },
      "tenengrad": {
        "mean": 5039.268316,
        "std": 7459.731917,
        "min": 20.865217,
        "max": 23804.654297,
        "samples": 10
      },
      "sharpness": {
        "mean": 606.819902,
        "std": 551.92727,
        "min": 106.57634,
        "max": 1367.479126,
        "samples": 10
      },
      "aesthetic": {
        "mean": 0.540745,
        "std": 0.152553,
        "min": 0.284159,
        "max": 0.705052,
        "samples": 10
      },
      "noise_estimate": {
        "mean": 3.854707,
        "std": 7.168358,
        "min": 0.0,
        "max": 23.721275,
        "samples": 10
      },
      "bris_quality_score": {
        "mean": 0.390396,
        "std": 0.425975,
        "min": 0.0,
        "max": 1.0,
        "samples": 10
      },
      "dct_low_energy": {
        "mean": 0.193798,
        "std": 0.076457,
        "min": 0.084919,
        "max": 0.317338,
        "samples": 10
      },
      "dct_high_energy": {
        "mean": 0.806202,
        "std": 0.076457,
        "min": 0.682662,
        "max": 0.915081,
        "samples": 10
      },
      "centeredness": {
        "mean": 0.761228,
        "std": 0.158253,
        "min": 0.507085,
        "max": 0.969046,
        "samples": 10
      },
      "thirds_score": {
        "mean": 0.039159,
        "std": 0.010083,
        "min": 0.023822,
        "max": 0.055405,
        "samples": 10
      },
      "diagonal_strength": {
        "mean": 0.107962,
        "std": 0.027992,
        "min": 0.065445,
        "max": 0.149589,
        "samples": 10
      },
      "depth_score": {
        "mean": 0.46813,
        "std": 0.47519,
        "min": 0.005027,
        "max": 1.0,
        "samples": 10
      },
      "depth_gradient": {
        "mean": 0.239839,
        "std": 0.127792,
        "min": 0.007012,
        "max": 0.462348,
        "samples": 10
      },
      "saliency_concentration": {
        "mean": 0.233922,
        "std": 0.058018,
        "min": 0.16323,
        "max": 0.34221,
        "samples": 10
      },
      "subject_area_ratio": {
        "mean": 0.259047,
        "std": 0.160736,
        "min": 0.043927,
        "max": 0.528423,
        "samples": 10
      },
      "fg_bg_contrast": {
        "mean": 124.356122,
        "std": 69.961856,
        "min": 19.687117,
        "max": 239.814072,
        "samples": 10
      },
      "periodicity_score": {
        "mean": 0.095356,
        "std": 0.156036,
        "min": 0.0,
        "max": 0.367785,
        "samples": 10
      },
      "tile_similarity": {
        "mean": -0.023908,
        "std": 0.19993,
        "min": -0.273178,
        "max": 0.374318,
        "samples": 10
      },
      "texture_complexity": {
        "mean": 0.372811,
        "std": 0.173895,
        "min": 0.162765,
        "max": 0.73242,
        "samples": 10
      },
      "gradient_complexity": {
        "mean": 0.587684,
        "std": 0.432996,