{
  "name": "Minecraft",
  "tags": [
    "castle",
    "poster",
    "screenshot"
  ],
  "prompt": "Minecraft wallpapers feature a unified set of vector illustrations inspired by classic video game elements, showcasing vibrant blues in various shades from azure to navy, often depicting procedurally generated landscapes and structures like forests, rivers, and ancient ruins with a calm, retro-futuristic mood.",
  "palette_weights": {
    "Black": 0.378673,
    "Blue": 0.225022,
    "Purple": 0.054729,
    "Pink-Magenta": 0.043817,
    "Gray": 0.013618,
    "Red": 0.075176,
    "Orange": 0.163414,
    "White": 0.000736,
    "Yellow": 0.013552,
    "Green": 0.031263
  },
  "heuristic_pattern": {
    "features": {
      "colorfulness": {
        "mean": 0.330977,
        "std": 0.249718,
        "min": 0.026958,
        "max": 0.812559,
        "samples": 10
      },
      "hsv_S_mean": {
        "mean": 121.064081,
        "std": 62.698278,
        "min": 29.466165,
        "max": 234.309936,
        "samples": 10
      },
      "hsv_S_std": {
        "mean": 36.117953,
        "std": 14.337623,
        "min": 2.303552,
        "max": 52.835189,
        "samples": 10
      },
      "hsv_V_mean": {
        "mean": 118.077979,
        "std": 67.652068,
        "min": 9.986109,
        "max": 202.622136,
        "samples": 10
      },
      "hsv_V_std": {
        "mean": 50.269748,
        "std": 25.258937,
        "min": 6.707129,
        "max": 80.471099,
        "samples": 10
      },
      "lab_warm_bias": {
        "mean": 131.117616,
        "std": 10.149566,
        "min": 116.459885,
        "max": 149.284775,
        "samples": 10
      },
      "lab_chroma_mean": {
        "mean": 187.915059,
        "std": 12.59469,
        "min": 176.062119,
        "max": 211.955032,
        "samples": 10
      },
      "sat_low_fraction": {
        "mean": 0.313787,
        "std": 0.280426,
        "min": 0.02167,
        "max": 0.910437,
        "samples": 10
      },
      "sat_high_fraction": {
        "mean": 0.243941,
        "std": 0.369658,
        "min": 0.0,
        "max": 0.966057,
        "samples": 10
      },
      "sat_variance": {
        "mean": 0.022907,
        "std": 0.012577,
        "min": 8.2e-05,
        "max": 0.042931,
        "samples": 10
      },
      "sat_bimodal": {
        "mean": 0.0,
        "std": 0.0,
        "min": 0.0,
        "max": 0.0,
        "samples": 10
      },
      "edge_density": {
        "mean": 0.032085,
        "std": 0.042356,
        "min": 0.0,
        "max": 0.110126,
        "samples": 10
      },
      "mean_edge_magnitude": {
        "mean": 41.533175,
        "std": 36.71226,
        "min": 7.657382,
        "max": 106.005829,
        "samples": 10
      },
      "texture_entropy": {
        "mean": 3.089626,
        "std": 0.876856,
        "min": 1.541762,
        "max": 3.901869,
        "samples": 10
      },
      "texture_energy": {
        "mean": 12392.327026,
        "std": 12651.633082,
        "min": 79.955864,
        "max": 37597.096619,
        "samples": 10
      },
      "texture_contrast": {
        "mean": 68.383314,
        "std": 76.878112,
        "min": 0.605754,
        "max": 233.30592,
        "samples": 10
      },
      "silhouette_ratio": {
        "mean": 0.358766,
        "std": 0.198358,
        "min": 0.062834,
        "max": 0.710114,
        "samples": 10
      },
      "hog_energy": {
        "mean": 461.305115,
        "std": 6.943218,
        "min": 441.599243,
        "max": 463.870972,
        "samples": 10
      },
      "high_low_ratio": {
        "mean": 35.177548,
        "std": 5.146911,
        "min": 29.827864,
        "max": 47.558968,
        "samples": 10
      },
      "anime_score": {
        "mean": 0.214631,
        "std": 0.341209,
        "min": 0.0,
        "max": 1.0,
        "samples": 10
      },
      "cyberpunk_score": {
        "mean": 0.050676,
        "std": 0.10834,
        "min": 0.0,
        "max": 0.291572,
        "samples": 10
      },
      "space_score": {
        "mean": 0.243223,
        "std": 0.365822,
        "min": 0.0,
        "max": 1.0,
        "samples": 10
      },
      "nature_score": {
        "mean": 0.285689,
        "std": 0.277958,
        "min": 0.0,
        "max": 0.757876,
        "samples": 10
      },
      "neon_score": {
        "mean": 0.034336,
        "std": 0.074072,
        "min": 0.0,
        "max": 0.205,
        "samples": 10
      },
      "pastel_score": {
        "mean": 0.10246,
        "std": 0.192835,
        "min": 0.0,
        "max": 0.47208,
        "samples": 10
      },
      "vw_score": {
        "mean": 0.0,
        "std": 0.0,
        "min": 0.0,
        "max": 0.0,
        "samples": 10
      },
      "sepia_score": {
        "mean": 0.028996,
        "std": 0.071689,
        "min": 0.0,
        "max": 0.224425,
        "samples": 10
      },
      "vintage_score": {
        "mean": 0.006553,
        "std": 0.020723,
        "min": 0.0,
        "max": 0.065531,
        "samples": 10
      },
      "tenengrad": {
        "mean": 2678.588775,
        "std": 3001.436217,
        "min": 20.865217,
        "max": 8811.266602,
        "samples": 10
      },
      "sharpness": {
        "mean": 540.588042,
        "std": 496.502385,
        "min": 106.57634,
        "max": 1367.479126,
        "samples": 10
      },
      "aesthetic": {
        "mean": 0.559571,
        "std": 0.170876,
        "min": 0.284159,
        "max": 0.786519,
        "samples": 10
      },
      "noise_estimate": {
        "mean": 3.558191,
        "std": 7.202347,
        "min": 0.0,
        "max": 23.721275,
        "samples": 10
      },
      "bris_quality_score": {
        "mean": 0.299308,
        "std": 0.400524,
        "min": 0.0,
        "max": 1.0,
        "samples": 10
      },
      "dct_low_energy": {
        "mean": 0.200893,
        "std": 0.072783,
        "min": 0.10319,
        "max": 0.317338,
        "samples": 10
      },
      "dct_high_energy": {
        "mean": 0.799107,
        "std": 0.072783,
        "min": 0.682662,
        "max": 0.89681,
        "samples": 10
      },
      "centeredness": {
        "mean": 0.731948,
        "std": 0.204831,
        "min": 0.363154,
        "max": 0.969046,
        "samples": 10
      },
      "thirds_score": {
        "mean": 0.036642,
        "std": 0.008412,
        "min": 0.023822,
        "max": 0.049246,
        "samples": 10
      },
      "diagonal_strength": {
        "mean": 0.106301,
        "std": 0.025236,
        "min": 0.065445,
        "max": 0.1452,
        "samples": 10
      },
      "depth_score": {
        "mean": 0.400183,
        "std": 0.437796,
        "min": 0.005027,
        "max": 1.0,
        "samples": 10
      },
      "depth_gradient": {
        "mean": 0.239999,
        "std": 0.164805,
        "min": 0.007012,
        "max": 0.56181,
        "samples": 10
      },
      "saliency_concentration": {
        "mean": 0.231232,
        "std": 0.057273,
        "min": 0.16323,
        "max": 0.34221,
        "samples": 10
      },
      "subject_area_ratio": {
        "mean": 0.305877,
        "std": 0.200808,
        "min": 0.062018,
        "max": 0.682491,
        "samples": 10
      },
      "fg_bg_contrast": {
        "mean": 130.208528,
        "std": 67.601481,
        "min": 19.687117,
        "max": 214.89743,
        "samples": 10
      },
      "periodicity_score": {
        "mean": 0.192757,
        "std": 0.237741,
        "min": 0.0,
        "max": 0.705912,
        "samples": 10
      },
      "tile_similarity": {
        "mean": -0.026506,
        "std": 0.20523,
        "min": -0.273178,
        "max": 0.374318,
        "samples": 10
      },
      "texture_complexity": {
        "mean": 0.331849,
        "std": 0.115304,
        "min": 0.162765,
        "max": 0.500489,
        "samples": 10
      },
      "gradient_complexity": {
        "mean": 0.587684,
        "std": 0.432996,