{
  "name": "Neon",
  "tags": [
    "mech",
    "sci-fi"
  ],
  "prompt": "Neon wallpapers blend dark monochrome elements with vibrant purple accents, creating a unified set that captures dramatic scenes in photograph style, evoking futuristic and mysterious atmospheres.",
  "palette_weights": {
    "Black": 0.104115,
    "Blue": 0.311726,
    "Pink-Magenta": 0.239558,
    "Purple": 0.344602
  },
  "heuristic_pattern": {
    "features": {
      "colorfulness": {
        "mean": 0.301728,
        "std": 0.14886,
        "min": 0.175606,
        "max": 0.615164,
        "samples": 10
      },
      "hsv_S_mean": {
        "mean": 98.198876,
        "std": 72.753966,
        "min": 14.797912,
        "max": 234.731396,
        "samples": 10
      },
      "hsv_S_std": {
        "mean": 39.174817,
        "std": 14.356306,
        "min": 26.376043,
        "max": 74.412065,
        "samples": 10
      },
      "hsv_V_mean": {
        "mean": 92.86814,
        "std": 37.546953,
        "min": 36.163541,
        "max": 136.875921,
        "samples": 10
      },
      "hsv_V_std": {
        "mean": 56.532413,
        "std": 22.259795,
        "min": 25.906476,
        "max": 95.081186,
        "samples": 10
      },
      "lab_warm_bias": {
        "mean": 128.812939,
        "std": 4.001023,
        "min": 122.931427,
        "max": 137.236786,
        "samples": 10
      },
      "lab_chroma_mean": {
        "mean": 184.808549,
        "std": 6.261387,
        "min": 177.30806,
        "max": 198.168091,
        "samples": 10
      },
      "sat_low_fraction": {
        "mean": 0.46032,
        "std": 0.393141,
        "min": 1e-06,
        "max": 0.915677,
        "samples": 10
      },
      "sat_high_fraction": {
        "mean": 0.188262,
        "std": 0.330158,
        "min": 0.0,
        "max": 0.959187,
        "samples": 10
      },
      "sat_variance": {
        "mean": 0.026454,
        "std": 0.022261,
        "min": 0.010699,
        "max": 0.085154,
        "samples": 10
      },
      "sat_bimodal": {
        "mean": 0.1,
        "std": 0.316228,
        "min": 0.0,
        "max": 1.0,
        "samples": 10
      },
      "edge_density": {
        "mean": 0.037851,
        "std": 0.029441,
        "min": 0.005191,
        "max": 0.094289,
        "samples": 10
      },
      "mean_edge_magnitude": {
        "mean": 120.093914,
        "std": 73.174032,
        "min": 20.014742,
        "max": 249.059525,
        "samples": 10
      },
      "texture_entropy": {
        "mean": 1.917491,
        "std": 1.227532,
        "min": 0.548195,
        "max": 3.488337,
        "samples": 10
      },
      "texture_energy": {
        "mean": 6820.868472,
        "std": 4687.644519,
        "min": 2159.833333,
        "max": 14634.431605,
        "samples": 10
      },
      "texture_contrast": {
        "mean": 112.76473,
        "std": 72.478433,
        "min": 12.214182,
        "max": 210.058291,
        "samples": 10
      },
      "silhouette_ratio": {
        "mean": 0.183404,
        "std": 0.101778,
        "min": 0.037592,
        "max": 0.340955,
        "samples": 10
      },
      "hog_energy": {
        "mean": 352.278133,
        "std": 153.899105,
        "min": 95.505737,
        "max": 463.8349,
        "samples": 10
      },
      "high_low_ratio": {
        "mean": 32.982241,
        "std": 7.744309,
        "min": 22.22209,
        "max": 51.431789,
        "samples": 10
      },
      "anime_score": {
        "mean": 0.135728,
        "std": 0.202534,
        "min": 0.0,
        "max": 0.61248,
        "samples": 10
      },
      "cyberpunk_score": {
        "mean": 0.069402,
        "std": 0.18058,
        "min": 0.0,
        "max": 0.578592,
        "samples": 10
      },
      "space_score": {
        "mean": 0.290983,
        "std": 0.403144,
        "min": 0.0,
        "max": 1.0,
        "samples": 10
      },
      "nature_score": {
        "mean": 0.065062,
        "std": 0.083348,
        "min": 0.0,
        "max": 0.235,
        "samples": 10
      },
      "neon_score": {
        "mean": 0.024191,
        "std": 0.067303,
        "min": 0.0,
        "max": 0.21412,
        "samples": 10
      },
      "pastel_score": {
        "mean": 0.061855,
        "std": 0.102617,
        "min": 0.0,
        "max": 0.338496,
        "samples": 10
      },
      "vw_score": {
        "mean": 0.043596,
        "std": 0.111209,
        "min": 0.0,
        "max": 0.3508,
        "samples": 10
      },
      "sepia_score": {
        "mean": 0.020247,
        "std": 0.037348,
        "min": 0.0,
        "max": 0.106372,
        "samples": 10
      },
      "vintage_score": {
        "mean": 0.0,
        "std": 0.0,
        "min": 0.0,
        "max": 0.0,
        "samples": 10
      },
      "tenengrad": {
        "mean": 4603.530835,
        "std": 2562.426306,
        "min": 604.776855,
        "max": 8531.513672,
        "samples": 10
      },
      "sharpness": {
        "mean": 812.78143,
        "std": 460.725001,
        "min": 292.22522,
        "max": 1592.412964,
        "samples": 10
      },
      "aesthetic": {
        "mean": 0.602261,
        "std": 0.118506,
        "min": 0.42209,
        "max": 0.766857,
        "samples": 10
      },
      "noise_estimate": {
        "mean": 0.889548,
        "std": 1.593725,
        "min": 0.0,
        "max": 4.447739,
        "samples": 10
      },
      "bris_quality_score": {
        "mean": 0.16063,
        "std": 0.283855,
        "min": 0.0,
        "max": 0.74555,
        "samples": 10
      },
      "dct_low_energy": {
        "mean": 0.129887,
        "std": 0.046052,
        "min": 0.070703,
        "max": 0.226433,
        "samples": 10
      },
      "dct_high_energy": {
        "mean": 0.870113,
        "std": 0.046052,
        "min": 0.773567,
        "max": 0.929297,
        "samples": 10
      },
      "centeredness": {
        "mean": 0.869807,
        "std": 0.101964,
        "min": 0.727007,
        "max": 0.995402,
        "samples": 10
      },
      "thirds_score": {
        "mean": 0.057724,
        "std": 0.023731,
        "min": 0.028571,
        "max": 0.105894,
        "samples": 10
      },
      "diagonal_strength": {
        "mean": 0.158357,
        "std": 0.126385,
        "min": 0.059756,
        "max": 0.493964,
        "samples": 10
      },
      "depth_score": {
        "mean": 0.586602,
        "std": 0.372395,
        "min": 0.052092,
        "max": 1.0,
        "samples": 10
      },
      "depth_gradient": {
        "mean": 0.144861,
        "std": 0.078462,
        "min": 0.032176,
        "max": 0.245753,
        "samples": 10
      },
      "saliency_concentration": {
        "mean": 0.353431,
        "std": 0.136327,
        "min": 0.187739,
        "max": 0.550626,
        "samples": 10
      },
      "subject_area_ratio": {
        "mean": 0.151362,
        "std": 0.099361,
        "min": 0.020456,
        "max": 0.291959,
        "samples": 10
      },
      "fg_bg_contrast": {
        "mean": 204.863776,
        "std": 72.081084,
        "min": 98.587814,
        "max": 326.159332,
        "samples": 10
      },
      "periodicity_score": {
        "mean": 0.224017,
        "std": 0.271377,
        "min": 0.0,
        "max": 0.885955,
        "samples": 10
      },
      "tile_similarity": {
        "mean": 0.031211,
        "std": 0.175809,
        "min": -0.224557,
        "max": 0.374415,
        "samples": 10
      },
      "texture_complexity": {
        "mean": 0.256806,
        "std": 0.134507,
        "min": 0.074697,
        "max": 0.466611,
        "samples": 10
      },
      "gradient_complexity": {
        "mean": 0.941382,
        "std": 0.185366,
        "min": 0.413821,
        "max": 1.0,
        "samples": 10
      },
      "local_variance": {
        "mean": 260.496281,
        "std": 124.913696,
        "min": 65.092102,
        "max": 460.616791,
        "samples": 10
      },