{
  "name": "Neon",
  "tags": [
    "mech",
    "sci-fi"
  ],
  "prompt": "Neon wallpapers blend dark monochrome elements with vibrant purple accents, creating a unified set that captures dramatic scenes in photograph style, evoking futuristic and mysterious atmospheres.",
  "palette_weights": {
    "Black": 0.104115,
    "Blue": 0.311726,
    "Pink-Magenta": 0.239558,
    "Purple": 0.344602
  },
  "heuristic_pattern": {
    "features": {
      "colorfulness": {
        "mean": 0.419844,
        "std": 0.197794,
        "min": 0.096105,
        "max": 0.736761,
        "samples": 15
      },
      "hsv_S_mean": {
        "mean": 130.762082,
        "std": 75.042945,
        "min": 14.797912,
        "max": 246.121986,
        "samples": 15
      },
      "hsv_S_std": {
        "mean": 36.634082,
        "std": 17.085559,
        "min": 10.789046,
        "max": 73.355236,
        "samples": 15
      },
      "hsv_V_mean": {
        "mean": 113.313069,
        "std": 68.896963,
        "min": 34.429791,
        "max": 243.400832,
        "samples": 15
      },
      "hsv_V_std": {
        "mean": 52.465504,
        "std": 21.938264,
        "min": 13.986826,
        "max": 89.018587,
        "samples": 15
      },
      "lab_warm_bias": {
        "mean": 132.77243,
        "std": 9.326815,
        "min": 124.012741,
        "max": 154.123962,
        "samples": 15
      },
      "lab_chroma_mean": {
        "mean": 191.703027,
        "std": 13.117419,
        "min": 178.405975,
        "max": 218.475204,
        "samples": 15
      },
      "sat_low_fraction": {
        "mean": 0.321695,
        "std": 0.406993,
        "min": 1e-06,
        "max": 0.957761,
        "samples": 15
      },
      "sat_high_fraction": {
        "mean": 0.352144,
        "std": 0.366127,
        "min": 0.0,
        "max": 0.959187,
        "samples": 15
      },
      "sat_variance": {
        "mean": 0.024829,
        "std": 0.024095,
        "min": 0.00179,
        "max": 0.082753,
        "samples": 15
      },
      "sat_bimodal": {
        "mean": 0.0,
        "std": 0.0,
        "min": 0.0,
        "max": 0.0,
        "samples": 15
      },
      "edge_density": {
        "mean": 1.0,
        "std": 0.0,
        "min": 1.0,
        "max": 1.0,
        "samples": 15
      },
      "texture_entropy": {
        "mean": 2.057073,
        "std": 1.228413,
        "min": 0.266177,
        "max": 3.868205,
        "samples": 15
      },
      "texture_energy": {
        "mean": 9162.547403,
        "std": 11435.263922,
        "min": 1084.729086,
        "max": 37192.6,
        "samples": 15
      },
      "texture_contrast": {
        "mean": 67.956959,
        "std": 71.491778,
        "min": 0.429985,
        "max": 210.058291,
        "samples": 15
      },
      "silhouette_ratio": {
        "mean": 0.322702,
        "std": 0.227784,
        "min": 0.048736,
        "max": 0.738862,
        "samples": 15
      },
      "hog_energy": {
        "mean": 834.973781,
        "std": 1620.321339,
        "min": 2.238745,
        "max": 6048.464105,
        "samples": 15
      },
      "high_low_ratio": {
        "mean": 30.056664,
        "std": 4.594867,
        "min": 16.634182,
        "max": 35.169693,
        "samples": 15
      },
      "anime_score": {
        "mean": 0.281892,
        "std": 0.309358,
        "min": 0.0,
        "max": 0.906034,
        "samples": 15
      },
      "cyberpunk_score": {
        "mean": 0.144134,
        "std": 0.249323,
        "min": 0.0,
        "max": 0.857505,
        "samples": 15
      },
      "space_score": {
        "mean": 0.275898,
        "std": 0.401996,
        "min": 0.0,
        "max": 1.0,
        "samples": 15
      },
      "nature_score": {
        "mean": 0.040539,
        "std": 0.098892,
        "min": 0.0,
        "max": 0.37445,
        "samples": 15
      },
      "neon_score": {
        "mean": 0.055962,
        "std": 0.108176,
        "min": 0.0,
        "max": 0.385221,
        "samples": 15
      },
      "pastel_score": {
        "mean": 0.035817,
        "std": 0.048702,
        "min": 0.0,
        "max": 0.167389,
        "samples": 15
      },
      "vw_score": {
        "mean": 0.09119,
        "std": 0.162835,
        "min": 0.0,
        "max": 0.557389,
        "samples": 15
      },
      "sepia_score": {
        "mean": 0.001938,
        "std": 0.007506,
        "min": 0.0,
        "max": 0.029071,
        "samples": 15
      },
      "vintage_score": {
        "mean": 0.0,
        "std": 0.0,
        "min": 0.0,
        "max": 0.0,
        "samples": 15
      },
      "tenengrad": {
        "mean": 0.0,
        "std": 0.0,
        "min": 0.0,
        "max": 0.0,
        "samples": 15
      },
      "sharpness": {
        "mean": 489.080365,
        "std": 326.882892,
        "min": 109.296143,
        "max": 1504.411743,
        "samples": 15
      },
      "aesthetic": {
        "mean": 0.578178,
        "std": 0.119757,
        "min": 0.372731,
        "max": 0.760755,
        "samples": 15
      },
      "noise_estimate": {
        "mean": 0.0,
        "std": 0.0,
        "min": 0.0,
        "max": 0.0,
        "samples": 15
      },
      "bris_quality_score": {
        "mean": 0.062101,
        "std": 0.240515,
        "min": 0.0,
        "max": 0.931509,
        "samples": 15
      },
      "dct_low_energy": {
        "mean": 0.0,
        "std": 0.0,
        "min": 0.0,
        "max": 0.0,
        "samples": 15
      },
      "dct_high_energy": {
        "mean": 0.0,
        "std": 0.0,
        "min": 0.0,
        "max": 0.0,
        "samples": 15
      },
      "centeredness": {
        "mean": 0.5,
        "std": 0.0,
        "min": 0.5,
        "max": 0.5,
        "samples": 15
      },
      "thirds_score": {
        "mean": 0.0,
        "std": 0.0,
        "min": 0.0,
        "max": 0.0,
        "samples": 15
      },
      "diagonal_strength": {
        "mean": 0.0,
        "std": 0.0,
        "min": 0.0,
        "max": 0.0,
        "samples": 15
      },
      "depth_score": {
        "mean": 0.5,
        "std": 0.0,
        "min": 0.5,
        "max": 0.5,
        "samples": 15
      },
      "depth_gradient": {
        "mean": 0.0,
        "std": 0.0,
        "min": 0.0,
        "max": 0.0,
        "samples": 15
      },
      "saliency_concentration": {
        "mean": 0.5,
        "std": 0.0,
        "min": 0.5,
        "max": 0.5,
        "samples": 15
      },
      "subject_area_ratio": {
        "mean": 0.5,
        "std": 0.0,
        "min": 0.5,
        "max": 0.5,
        "samples": 15
      },
      "fg_bg_contrast": {
        "mean": 0.0,
        "std": 0.0,
        "min": 0.0,
        "max": 0.0,
        "samples": 15
      },
      "periodicity_score": {
        "mean": 0.0,
        "std": 0.0,
        "min": 0.0,
        "max": 0.0,
        "samples": 15
      },
      "tile_similarity": {
        "mean": 0.0,
        "std": 0.0,
        "min": 0.0,
        "max": 0.0,
        "samples": 15
      },
      "texture_complexity": {
        "mean": 0.5,
        "std": 0.0,
        "min": 0.5,
        "max": 0.5,
        "samples": 15
      },
      "gradient_complexity": {
        "mean": 0.5,
        "std": 0.0,
        "min": 0.5,
        "max": 0.5,
        "samples": 15
      },
      "local_variance": {
        "mean": 0.0,
        "std": 0.0,
        "min": 0.0,
        "max": 0.0,
        "samples": 15
      },
      "h_symmetry": {
        "mean": 0.584033,
        "std": 0.342726,
        "min": 0.0,
        "max": 0.988705,
        "samples": 15
      },
      "v_symmetry": {
        "mean": 0.305526,
        "std": 0.338047,
        "min": 0.0,
        "max": 0.959106,
        "samples": 15
      },
      "point_symmetry": {
        "mean": 0.257298,
        "std": 0.326929,
        "min": 0.0,
        "max": 0.959242,
        "samples": 15
      },
      "main_diagonal_symmetry": {
        "mean": 0.014615,
        "std": 0.056602,
        "min": 0.0,